-- MySQL dump 10.13  Distrib 5.7.17, for Win64 (x86_64)
--
-- Host: 127.0.0.1    Database: vroom_db
-- ------------------------------------------------------
-- Server version	5.7.18-log

/*!40101 SET @OLD_CHARACTER_SET_CLIENT=@@CHARACTER_SET_CLIENT */;
/*!40101 SET @OLD_CHARACTER_SET_RESULTS=@@CHARACTER_SET_RESULTS */;
/*!40101 SET @OLD_COLLATION_CONNECTION=@@COLLATION_CONNECTION */;
/*!40101 SET NAMES utf8 */;
/*!40103 SET @OLD_TIME_ZONE=@@TIME_ZONE */;
/*!40103 SET TIME_ZONE='+00:00' */;
/*!40014 SET @OLD_UNIQUE_CHECKS=@@UNIQUE_CHECKS, UNIQUE_CHECKS=0 */;
/*!40014 SET @OLD_FOREIGN_KEY_CHECKS=@@FOREIGN_KEY_CHECKS, FOREIGN_KEY_CHECKS=0 */;
/*!40101 SET @OLD_SQL_MODE=@@SQL_MODE, SQL_MODE='NO_AUTO_VALUE_ON_ZERO' */;
/*!40111 SET @OLD_SQL_NOTES=@@SQL_NOTES, SQL_NOTES=0 */;

--
-- Dumping data for table `vroom_car`
--

LOCK TABLES `vroom_car` WRITE;
/*!40000 ALTER TABLE `vroom_car` DISABLE KEYS */;
INSERT INTO `vroom_car` VALUES (14806,'LAND ROVER','DISCOVERY 3','HSE',2006,83650,'2.7L','DIESEL TURBO F/INJ','82L','140Kw',7,'6A','4D WAGON','4WD','2885mm'),(14810,'LAND ROVER','DISCOVERY','Tdi 4x4',1996,51800,'2.5L','DIESEL TURBO','88.5L','83Kw',5,'4A4x4','4D WAGON','4WD','2540mm'),(14811,'LAND ROVER','FREELANDER','XEi 4x4',2000,34886,'1.8L','MULTI POINT F/INJ','59L','84Kw',5,'5M4x4','3D HARDBACK','4WD','2535mm'),(14812,'LAND ROVER','DISCOVERY','ES V8 4x4',1999,66000,'4.0L','MULTI POINT F/INJ','95L','132Kw',7,'4A','4D WAGON','4WD','2540mm'),(14813,'LAND ROVER','DISCOVERY','Tdi 4x4',1994,50430,'2.5L','DIESEL TURBO','88.5L','83Kw',5,'4A4x4','4D WAGON','4WD','2540mm'),(14814,'LAND ROVER','DISCOVERY','SERIES II SE 4x4',2004,71450,'4.0L','MULTI POINT F/INJ','93L','136Kw',7,'4A','4D WAGON','4WD','2540mm'),(14815,'LAND ROVER','(4x4)','SWB',1978,9045,'2.3L','DIESEL','45L','46Kw',8,'4M4x4','2D HARDTOP','4WD','2230mm'),(14816,'LAND ROVER','DISCOVERY','SERIES II S 4x4',2003,55450,'4.0L','MULTI POINT F/INJ','93L','136Kw',7,'4A','4D WAGON','4WD','2540mm'),(14817,'LAND ROVER','DISCOVERY','SERIES II',2003,51950,'2.5L','DIESEL TURBO F/INJ','93L','101Kw',5,'5M','4D WAGON','4WD','2540mm'),(14818,'LAND ROVER','DISCOVERY','S 4x4',1998,39990,'2.5L','DIESEL TURBO','88.5L','83Kw',5,'5M4x4','4D WAGON','4WD','2540mm'),(14819,'LAND ROVER','(4x4)','LWB',1972,5203,'2.3L','DIESEL','73L','46Kw',12,'4M4x4','2D HARDTOP','4WD','2768mm'),(14831,'BMW','X5','E53 3.0d',2004,84500,'3.0L','TURBO CDI','93L','150Kw',5,'6A','4D WAGON','4WD','2820mm'),(14832,'BMW','3','E46 18i EXECUTIVE',2002,56550,'2.0L','MULTI POINT F/INJ','63L','105Kw',5,'5AS','4D SEDAN','RWD','2725mm'),(14833,'BMW','3','23i',1996,62550,'2.5L','MULTI POINT F/INJ','62L','125Kw',5,'5M','4D SEDAN','RWD','2700mm'),(14834,'BMW','3','E46 30Ci',2001,109050,'3.0L','MULTI POINT F/INJ','63L','170Kw',5,'5AS','2D CONVERTIBLE','RWD','2725mm'),(14835,'BMW','7','35i EXECUTIVE',1987,136500,'3.4L','ELECTRONIC F/INJ','90L','155Kw',5,'4A','4D SEDAN','RWD','2833mm'),(14836,'BMW','5','E60 25i',2005,89000,'2.5L','MULTI POINT F/INJ','70L','141Kw',5,'6AS','4D SEDAN','RWD','2888mm'),(14837,'BMW','3','E91 23i TOURING',2006,71500,'2.5L','MULTI POINT F/INJ','60L','130Kw',5,'6AS','4D WAGON','RWD','2760mm'),(14838,'BMW','5','E34 25i EXECUTIVE',1996,98200,'2.5L','ELECTRONIC F/INJ','80L','141Kw',5,'5A','4D SEDAN','RWD','2761mm'),(14839,'BMW','3','E36 16i OPEN AIR',1995,46200,'1.6L','MULTI POINT F/INJ','52L','75Kw',5,'5M','3D HATCHBACK','RWD','2700mm'),(14842,'BMW','3','E90 20i EXECUTIVE',2005,57200,'2.0L','MULTI POINT F/INJ','65L','110Kw',5,'6AS','4D SEDAN','RWD','2760mm'),(14843,'BMW','3','E46 30i',2001,90700,'3.0L','MULTI POINT F/INJ','63L','170Kw',5,'5AS','4D SEDAN','RWD','2725mm'),(14846,'BMW','X5','E53 3.0i',2004,84000,'3.0L','MULTI POINT F/INJ','93L','170Kw',5,'5AS','4D WAGON','4WD','2820mm'),(14847,'BMW','3','18is',1998,56600,'1.9L','MULTI POINT F/INJ','65L','103Kw',5,'4A','4D SEDAN','RWD','2700mm'),(14850,'BMW','7','35i',1984,59500,'3.2L','ELECTRONIC F/INJ','100L','145Kw',5,'4A','4D SEDAN','RWD','2795mm'),(14851,'BMW','3','E46 20i SPORT',2005,65300,'2.2L','MULTI POINT F/INJ','63L','125Kw',5,'5AS','4D SEDAN','RWD','2725mm'),(14852,'BMW','3','E46 16ti',2002,43869,'1.8L','MULTI POINT F/INJ','63L','85Kw',5,'5AS','3D HATCHBACK','RWD','2725mm'),(14853,'BMW','1','E87 20i',2005,44100,'2.0L','MULTI POINT F/INJ','50L','110Kw',5,'6A','5D HATCHBACK','RWD','2660mm'),(14854,'BMW','3','20i',1989,54700,'2.0L','ELECTRONIC F/INJ','65L','95Kw',5,'5M','4D SEDAN','RWD','2570mm'),(14855,'BMW','3','E46 20Ci',2001,67050,'2.2L','MULTI POINT F/INJ','63L','125Kw',5,'5AS','2D COUPE','RWD','2725mm'),(14856,'BMW','3','25i',1988,74500,'2.5L','ELECTRONIC F/INJ','55L','125Kw',5,'4A','4D SEDAN','RWD','2570mm'),(14857,'BMW','3','E46 18i SPORT',2005,54500,'2.0L','MULTI POINT F/INJ','63L','105Kw',5,'5M','4D SEDAN','RWD','2725mm'),(14858,'BMW','3','E36 28i',1996,83330,'2.8L','MULTI POINT F/INJ','65L','142Kw',5,'5A','4D SEDAN','RWD','2700mm'),(14859,'BMW','5','28i',1997,96500,'2.8L','MULTI POINT F/INJ','70L','142Kw',5,'5AS','4D SEDAN','RWD','2830mm'),(14860,'BMW','3','18i',1997,51320,'1.8L','ELECTRONIC F/INJ','65L','85Kw',5,'4A','4D SEDAN','RWD','2700mm'),(14861,'BMW','3','18is',1997,55100,'1.9L','MULTI POINT F/INJ','65L','103Kw',5,'5M','4D SEDAN','RWD','2700mm'),(14862,'BMW','3','E46 18i EXECUTIVE',2001,53950,'2.0L','MULTI POINT F/INJ','63L','105Kw',5,'5M','4D SEDAN','RWD','2725mm'),(14863,'BMW','X5','E53 3.0i',2001,82350,'3.0L','MULTI POINT F/INJ','93L','170Kw',5,'5AS','4D WAGON','4WD','2820mm'),(14864,'BMW','1','E87 20d',2006,47800,'2.0L','DIESEL TURBO F/INJ','51L','115Kw',5,'6A','5D HATCHBACK','RWD','2660mm'),(14865,'BMW','3','E46 18i EXECUTIVE',2000,52070,'1.9L','MULTI POINT F/INJ','63L','87Kw',5,'5M','4D SEDAN','RWD','2725mm'),(14866,'BMW','X5','E53 3.0i',2006,84000,'3.0L','MULTI POINT F/INJ','93L','170Kw',5,'5AS','4D WAGON','4WD','2820mm'),(14867,'BMW','3','18i',1995,49650,'1.8L','ELECTRONIC F/INJ','65L','85Kw',5,'5M','4D SEDAN','RWD','2700mm'),(14870,'BMW','3','23Ci',1999,73900,'2.5L','MULTI POINT F/INJ','63L','125Kw',5,'5M','2D COUPE','RWD','2725mm'),(14871,'BMW','X5','E53 MY06 UPGRADE 3.0d',2006,86800,'3.0L','TURBO CDI','93L','150Kw',5,'6A','4D WAGON','4WD','2820mm'),(14872,'BMW','3','E46 18i',1999,54370,'1.9L','MULTI POINT F/INJ','63L','87Kw',5,'5M','4D SEDAN','RWD','2725mm'),(14873,'BMW','3','18is',1996,57110,'1.8L','ELECTRONIC F/INJ','65L','103Kw',5,'4A','2D COUPE','RWD','2700mm'),(14874,'BMW','3','E46 16ti',2004,41750,'1.8L','MULTI POINT F/INJ','63L','85Kw',5,'5M','3D HATCHBACK','RWD','2725mm'),(14875,'BMW','3','18i',1989,36950,'1.8L','ELECTRONIC F/INJ','55L','83Kw',5,'5M','2D SEDAN','RWD','2570mm'),(14876,'BMW','3','18i',1994,46500,'1.8L','ELECTRONIC F/INJ','65L','85Kw',5,'5M','4D SEDAN','RWD','2700mm'),(14877,'BMW','3','E90 20i',2006,53400,'2.0L','MULTI POINT F/INJ','65L','110Kw',5,'6AS','4D SEDAN','RWD','2760mm'),(14878,'BMW','5','E39 23i',1996,83600,'2.5L','MULTI POINT F/INJ','70L','125Kw',5,'5AS','4D SEDAN','RWD','2830mm'),(14879,'BMW','5','E39 30i SPORT',2002,101400,'3.0L','MULTI POINT F/INJ','70L','170Kw',5,'5AS','4D SEDAN','RWD','2830mm'),(14880,'BMW','5','20i',1991,69100,'2.0L','ELECTRONIC F/INJ','80L','110Kw',5,'5A','4D SEDAN','RWD','2761mm'),(14881,'BMW','3','18i',1991,44300,'1.8L','ELECTRONIC F/INJ','65L','85Kw',5,'4A','4D SEDAN','RWD','2700mm'),(14882,'BMW','3','E46 18i',2000,48315,'1.9L','MULTI POINT F/INJ','63L','87Kw',5,'5M','4D SEDAN','RWD','2725mm'),(14883,'BMW','3','18i',1986,38600,'1.8L','ELECTRONIC F/INJ','58L','77Kw',5,'5M','4D SEDAN','RWD','2570mm'),(14884,'BMW','3','E36 18is SPORT',1998,58950,'1.9L','MULTI POINT F/INJ','62L','103Kw',5,'5M','2D COUPE','RWD','2700mm'),(14885,'BMW','7','35iL EXECUTIVE',1988,145900,'3.4L','ELECTRONIC F/INJ','95L','155Kw',5,'4A','4D SEDAN','RWD','2945mm'),(14887,'BMW','5','25i',1991,80200,'2.5L','ELECTRONIC F/INJ','80L','141Kw',5,'5M','4D SEDAN','RWD','2761mm'),(14888,'BMW','3','E46 25Ci',2002,75000,'2.5L','MULTI POINT F/INJ','63L','141Kw',5,'5AS','2D COUPE','RWD','2725mm'),(14889,'BMW','3','E46 16ti',2005,40350,'1.8L','MULTI POINT F/INJ','63L','85Kw',5,'5M','3D HATCHBACK','RWD','2725mm'),(14890,'BMW','X5','E53 3.0d',2005,84300,'3.0L','TURBO CDI','93L','150Kw',5,'6A','4D WAGON','4WD','2820mm'),(14891,'DATSUN','FAIRLADY','SPORTS',1964,2530,'1.5L','CARB','43L','63Kw',0,'4M','2D ROADSTER','RWD','2280mm'),(14895,'DATSUN','180B','SSS',1977,6012,'1.8L','CARB','55L','82Kw',5,'5M','2D HARDTOP','RWD','2500mm'),(14896,'MAZDA','121','METRO SHADES',2001,19050,'1.5L','ELECTRONIC F/INJ','43L','64Kw',5,'5M','5D HATCHBACK','FWD','2390mm'),(14897,'MAZDA','121','SHADES',1997,14200,'1.3L','SINGLE POINT F/INJ','40L','54Kw',5,'5M','4D SEDAN','FWD','2390mm'),(14899,'MAZDA','121','METRO SHADES',2002,19240,'1.5L','ELECTRONIC F/INJ','43L','64Kw',5,'5M','5D HATCHBACK','FWD','2390mm'),(14900,'MAZDA','121','DELUXE',1987,12250,'1.3L','CARB','38L','46Kw',5,'5M','3D HATCHBACK','FWD','2295mm'),(14901,'MAZDA','121','METRO SHADES',1999,19590,'1.5L','ELECTRONIC F/INJ','40L','64Kw',5,'4A','5D HATCHBACK','FWD','2390mm'),(14902,'VOLKSWAGEN','TRANSPORTER','T5 MY08 CREWVAN SWB',2008,42990,'2.5L','DIESEL TURBO F/INJ','80L','96Kw',5,'6ATip','VAN','FWD','3000mm'),(14903,'VOLKSWAGEN','JETTA','1KM 2.0 TDI',2006,35490,'2.0L','DIESEL TURBO F/INJ','55L','103Kw',5,'6M','4D SEDAN','FWD','2578mm'),(14904,'VOLKSWAGEN','TRANSPORTER','T5 SWB',2005,43400,'2.5L','DIESEL TURBO F/INJ','80L','96Kw',2,'6ATip','VAN','FWD','3000mm'),(14905,'VOLKSWAGEN','POLO','9N MY07 UPGRADE CLUB',2007,16990,'1.4L','MULTI POINT F/INJ','45L','59Kw',5,'5M','3D HATCHBACK','FWD','2465mm'),(14906,'VOLKSWAGEN','JETTA','1KM 2.0 TURBO FSI',2006,39990,'2.0L','TURBO MPFI','55L','147Kw',5,'6ADSG','4D SEDAN','FWD','2578mm'),(14907,'VOLKSWAGEN','MULTIVAN','T5 HIGHLINE',2006,72990,'2.5L','DIESEL TURBO F/INJ','80L','128Kw',7,'6ATip','4D VAN','FWD','3000mm'),(14908,'VOLKSWAGEN','JETTA','1KM 2.0 TURBO FSI',2007,39990,'2.0L','TURBO MPFI','55L','147Kw',5,'6ADSG','4D SEDAN','FWD','2578mm'),(14909,'VOLKSWAGEN','GOLF','1K GTi',2007,39990,'2.0L','TURBO MPFI','55L','147Kw',5,'6M','5D HATCHBACK','FWD','2578mm'),(14910,'VOLKSWAGEN','GOLF','GL',2001,25990,'1.6L','MULTI POINT F/INJ','55L','74Kw',5,'5M','5D HATCHBACK','FWD','2511mm'),(14911,'VOLKSWAGEN','GOLF','1K 1.9 TDI COMFORTLINE',2005,32290,'1.9L','DIESEL TURBO F/INJ','55L','77Kw',5,'6ADSG','5D HATCHBACK','FWD','2578mm'),(14912,'VOLKSWAGEN','JETTA','1KM 2.0 FSI',2007,35290,'2.0L','MULTI POINT F/INJ','55L','110Kw',5,'6ATip','4D SEDAN','FWD','2578mm'),(14914,'VOLKSWAGEN','GOLF','1K GT',2007,37290,'1.4L','S/C & T/C MPFI','55L','125Kw',5,'6ADSG','5D HATCHBACK','FWD','2578mm'),(14915,'VOLKSWAGEN','GOLF','GL',1995,30490,'2.0L','MULTI POINT F/INJ','55L','85Kw',5,'5M','5D HATCHBACK','FWD','2475mm'),(14920,'VOLKSWAGEN','JETTA','1KM 2.0 TDI',2007,37990,'2.0L','DIESEL TURBO F/INJ','55L','103Kw',5,'6ADSG','4D SEDAN','FWD','2578mm'),(14921,'VOLKSWAGEN','GOLF','1K 2.0 FSI COMFORTLINE',2005,32290,'2.0L','ELECTRONIC F/INJ','55L','110Kw',5,'6ATip','5D HATCHBACK','FWD','2578mm'),(14922,'VOLKSWAGEN','GOLF','1K 2.0 TDI COMFORTLINE',2007,32490,'2.0L','DIESEL TURBO F/INJ','55L','103Kw',5,'6M','5D HATCHBACK','FWD','2578mm'),(14923,'VOLKSWAGEN','PASSAT','3B 1.8T',2002,49800,'1.8L','TURBO MPFI','62L','110Kw',5,'5ATip','4D WAGON','FWD','2703mm'),(14924,'VOLKSWAGEN','GOLF','1K 2.0 FSI SPORTLINE',2006,32990,'2.0L','ELECTRONIC F/INJ','55L','110Kw',5,'6M','5D HATCHBACK','FWD','2578mm'),(14925,'VOLKSWAGEN','GOLF','GLE',1999,34990,'2.0L','MULTI POINT F/INJ','55L','85Kw',5,'5M','5D HATCHBACK','FWD','2511mm'),(14926,'VOLKSWAGEN','GOLF','GL',1998,31980,'1.6L','MULTI POINT F/INJ','55L','74Kw',5,'4A','5D HATCHBACK','FWD','2511mm'),(14927,'VOLKSWAGEN','MULTIVAN','T5 COMFORTLINE 4MOTION',2006,60990,'2.5L','DIESEL TURBO F/INJ','80L','128Kw',7,'6M','4D VAN','4WD','3000mm'),(14928,'VOLKSWAGEN','POLO','9N S',2002,21800,'1.4L','MULTI POINT F/INJ','45L','55Kw',5,'5M','5D HATCHBACK','FWD','2460mm'),(14929,'VOLKSWAGEN','TOUAREG','7L R5 TDi LUXURY',2006,78600,'2.5L','DIESEL TURBO F/INJ','100L','128Kw',5,'6ATip','4D WAGON','4WD','2855mm'),(14930,'VOLKSWAGEN','CADDY','2K LIFE',2006,34990,'1.9L','DIESEL TURBO F/INJ','60L','77Kw',5,'6ADSG','4D WAGON','FWD','2682mm'),(14940,'VOLKSWAGEN','GOLF','1K 2.0 TDI COMFORTLINE',2004,32490,'2.0L','DIESEL TURBO F/INJ','55L','103Kw',5,'6M','5D HATCHBACK','FWD','2578mm'),(14941,'VOLKSWAGEN','BORA','1J 2.0',2001,36350,'2.0L','MULTI POINT F/INJ','55L','85Kw',5,'5M','4D SEDAN','FWD','2500mm'),(14942,'VOLKSWAGEN','POLO','9N MY06 UPGRADE CLUB',2006,16990,'1.4L','MULTI POINT F/INJ','45L','55Kw',5,'5M','3D HATCHBACK','FWD','2465mm'),(14943,'VOLKSWAGEN','CADDY','2K 1.9 TDi',2006,24990,'1.9L','DIESEL TURBO F/INJ','60L','77Kw',2,'5M','VAN','FWD','2682mm'),(14944,'VOLKSWAGEN','POLO','9N',2003,19800,'1.4L','MULTI POINT F/INJ','45L','55Kw',5,'5M','3D HATCHBACK','FWD','2460mm'),(14945,'VOLKSWAGEN','GOLF','1.6 GENERATION',2004,25990,'1.6L','MULTI POINT F/INJ','55L','75Kw',5,'5M','5D HATCHBACK','FWD','2511mm'),(14946,'VOLKSWAGEN','POLO','9N MY07 UPGRADE GTi',2007,26990,'1.8L','TURBO MPFI','45L','110Kw',5,'5M','3D HATCHBACK','FWD','2466mm'),(14947,'VOLKSWAGEN','GOLF','GL',1999,31190,'1.6L','MULTI POINT F/INJ','55L','74Kw',5,'4A','5D HATCHBACK','FWD','2511mm'),(14948,'VOLKSWAGEN','GOLF','1K 2.0 TDI COMFORTLINE',2006,34790,'2.0L','DIESEL TURBO F/INJ','55L','103Kw',5,'6ADSG','5D HATCHBACK','FWD','2578mm'),(14949,'VOLKSWAGEN','GOLF','GL',2000,25990,'1.6L','MULTI POINT F/INJ','55L','74Kw',5,'5M','5D HATCHBACK','FWD','2511mm'),(14950,'VOLKSWAGEN','GOLF','1K 1.6 TRENDLINE',2005,25490,'1.6L','MULTI POINT F/INJ','55L','75Kw',5,'5M','5D HATCHBACK','FWD','2578mm'),(14960,'VOLKSWAGEN','PASSAT','3C 2.0T FSI',2006,44990,'2.0L','TURBO MPFI','70L','147Kw',5,'6ATip','4D SEDAN','FWD','2709mm'),(14961,'VOLKSWAGEN','TOUAREG','7L R5 TDi LUXURY',2005,78600,'2.5L','DIESEL TURBO F/INJ','100L','128Kw',5,'6ATip','4D WAGON','4WD','2855mm'),(14962,'VOLKSWAGEN','PASSAT','3C 3.2 V6 FSI',2006,54990,'3.2L','MULTI POINT F/INJ','70L','184Kw',5,'6ADSG','4D SEDAN','AWD','2709mm'),(14964,'VOLKSWAGEN','GOLF','2.0 S',2002,29490,'2.0L','MULTI POINT F/INJ','55L','85Kw',5,'5M','5D HATCHBACK','FWD','2511mm'),(14965,'VOLKSWAGEN','CARAVELLE','V6',2003,59990,'2.8L','MULTI POINT F/INJ','80L','150Kw',8,'4A','4D WAGON','FWD','2920mm'),(14966,'VOLKSWAGEN','GOLF','2.0 GENERATION',2004,29490,'2.0L','MULTI POINT F/INJ','55L','85Kw',5,'4A','5D HATCHBACK','FWD','2511mm'),(14967,'VOLKSWAGEN','POLO','OPEN AIR',1999,21490,'1.6L','MULTI POINT F/INJ','45L','55Kw',5,'5M','5D HATCHBACK','FWD','2400mm'),(14969,'VOLKSWAGEN','1600','SUPER BUG L',1975,3798,'1.6L','CARB','42L','37Kw',4,'4M','2D SEDAN','RWD','2420mm'),(14984,'ALFA ROMEO','GTV','2',1999,61990,'2.0L','MULTI POINT F/INJ','70L','114Kw',4,'5M','2D COUPE','FWD','2540mm'),(14985,'ALFA ROMEO','156','V6 24V',2002,57500,'2.5L','MULTI POINT F/INJ','63L','140Kw',5,'6M','4D SEDAN','FWD','2595mm'),(15000,'ALFA ROMEO','147','GTA MONZA',2005,59990,'3.2L','MULTI POINT F/INJ','63L','184Kw',5,'6M','3D HATCHBACK','FWD','2546mm'),(15001,'ALFA ROMEO','156','2.0 SELESPEED TWIN SPARK',1999,49950,'2.0L','MULTI POINT F/INJ','63L','114Kw',5,'5MSel','4D SEDAN','FWD','2595mm'),(15002,'ALFA ROMEO','147','2.0 TWIN SPARK',2003,39500,'2.0L','MULTI POINT F/INJ','60L','110Kw',5,'5M','5D HATCHBACK','FWD','2546mm'),(15003,'MERCEDES-BENZ','SLK','R171 200K',2004,86900,'1.8L','SUPERCHARGED MPFI','70L','120Kw',2,'5ATS','2D CONVERTIBLE','RWD','2430mm'),(15004,'MERCEDES-BENZ','ML','W163 270 CDI 4x4',2002,69474,'2.7L','TURBO CDI','83L','120Kw',5,'5ATS','4D WAGON','4WD','2820mm'),(15005,'MERCEDES-BENZ','ML','W163 320 LUXURY 4x4',2002,77274,'3.2L','MULTI POINT F/INJ','83L','160Kw',5,'5ATS','4D WAGON','4WD','2820mm'),(15006,'MERCEDES-BENZ','C180','W203 KOMPRESSOR AVANTGARDE',2002,61400,'1.8L','SUPERCHARGED MPFI','70L','105Kw',5,'5ATS','4D SEDAN','RWD','2715mm'),(15007,'MERCEDES-BENZ','ML','320 LUXURY 4x4',2000,72900,'3.2L','MULTI POINT F/INJ','70L','160Kw',5,'5ATS','4D WAGON','4WD','2820mm'),(15008,'MERCEDES-BENZ','SLK230','KOMPRESSOR',2000,95380,'2.3L','SUPERCHARGED MPFI','53L','142Kw',2,'5A','2D CONVERTIBLE','RWD','2400mm'),(15009,'MERCEDES-BENZ','ML','W163 500 LUXURY 4x4',2004,99900,'5.0L','MULTI POINT F/INJ','83L','215Kw',5,'5ATS','4D WAGON','4WD','2820mm'),(15010,'MERCEDES-BENZ','300','TE',1991,124500,'3.0L','ELECTRONIC F/INJ','70L','135Kw',7,'4A','4D WAGON','RWD','2800mm'),(15011,'MERCEDES-BENZ','C200','W202 ELEGANCE',2000,64580,'2.0L','MULTI POINT F/INJ','62L','100Kw',5,'5A','4D SEDAN','RWD','2690mm'),(15020,'MERCEDES-BENZ','280','W126 SE',1982,55979,'2.7L','ELECTRONIC F/INJ','90L','125Kw',5,'4A','4D SEDAN','RWD','2935mm'),(15022,'MERCEDES-BENZ','ML','320 LUXURY 4x4',1999,73400,'3.2L','MULTI POINT F/INJ','70L','160Kw',5,'5ATS','4D WAGON','4WD','2820mm'),(15023,'MERCEDES-BENZ','ML','W163 270 CDI LUXURY 4x4',2003,77274,'2.7L','TURBO CDI','83L','120Kw',5,'5ATS','4D WAGON','4WD','2820mm'),(15024,'MERCEDES-BENZ','E280','W210 ELEGANCE',1999,112400,'2.8L','MULTI POINT F/INJ','80L','150Kw',5,'5ASeq','4D SEDAN','RWD','2833mm'),(15025,'MERCEDES-BENZ','VITO','115CDI COMPACT CREW CAB',2005,48380,'2.1L','DIESEL TURBO F/INJ','75L','110Kw',5,'5A','5D VAN','RWD','3200mm'),(15026,'MERCEDES-BENZ','180','E LIMITED EDITION',1993,47115,'1.8L','ELECTRONIC F/INJ','55L','82Kw',5,'4A','4D SEDAN','RWD','2665mm'),(15027,'MERCEDES-BENZ','A160','AVANTGARDE',1999,41400,'1.6L','MULTI POINT F/INJ','54L','75Kw',5,'5MSeq','5D HATCHBACK','FWD','2423mm'),(15028,'MERCEDES-BENZ','ML','270 CDI 4x4',2001,64900,'2.7L','TURBO CDI','70L','120Kw',5,'5ATS','4D WAGON','4WD','2820mm'),(15029,'MERCEDES-BENZ','A170','W169 ELEGANCE',2006,42400,'1.7L','MULTI POINT F/INJ','54L','85Kw',5,'CVT7','5D HATCHBACK','FWD','2568mm'),(15030,'MERCEDES-BENZ','300','W124 E',1986,79296,'3.0L','ELECTRONIC F/INJ','70L','135Kw',5,'4A','4D SEDAN','RWD','2800mm'),(15040,'MERCEDES-BENZ','230','W124 E',1988,87100,'2.3L','ELECTRONIC F/INJ','70L','97Kw',5,'4A','4D SEDAN','RWD','2800mm'),(15041,'MERCEDES-BENZ','180','E LIMITED EDITION',1992,45690,'1.8L','ELECTRONIC F/INJ','55L','82Kw',5,'4A','4D SEDAN','RWD','2665mm'),(15042,'MERCEDES-BENZ','E55','211 MY06 UPGRADE AMG',2006,225600,'5.4L','SUPERCHARGED MPFI','80L','350Kw',5,'5ATSh','4D SEDAN','RWD','2854mm'),(15043,'MERCEDES-BENZ','380','SEL',1982,68795,'3.8L','ELECTRONIC F/INJ','90L','145Kw',5,'4A','4D SEDAN','RWD','3075mm'),(15044,'MERCEDES-BENZ','A190','W168 LWB ELEGANCE',2004,42900,'1.9L','MULTI POINT F/INJ','54L','92Kw',5,'5MSeq','5D HATCHBACK','FWD','2593mm'),(15045,'MERCEDES-BENZ','180','E LIMITED EDITION',1994,47115,'1.8L','ELECTRONIC F/INJ','55L','82Kw',5,'4A','4D SEDAN','RWD','2665mm'),(15046,'MERCEDES-BENZ','A190','W168 AVANTGARDE',2001,41230,'1.9L','MULTI POINT F/INJ','54L','92Kw',5,'5MSeq','5D HATCHBACK','FWD','2423mm'),(15047,'MERCEDES-BENZ','CLK230','KOMP ELEGANCE',2000,111580,'2.3L','SUPERCHARGED MPFI','62L','142Kw',4,'5A','2D CABRIOLET','RWD','2690mm'),(15048,'MERCEDES-BENZ','A190','W168 AVANTGARDE',2000,41230,'1.9L','MULTI POINT F/INJ','54L','92Kw',5,'5MSeq','5D HATCHBACK','FWD','2423mm'),(15049,'MERCEDES-BENZ','ML','W163 500 LUXURY 4x4',2001,98500,'5.0L','MULTI POINT F/INJ','83L','215Kw',5,'5ATS','4D WAGON','4WD','2820mm'),(15050,'MERCEDES-BENZ','E500','211 AVANTGARDE',2002,153900,'5.0L','MULTI POINT F/INJ','89L','225Kw',5,'5ATSh','4D SEDAN','RWD','2854mm'),(15063,'RENAULT','CLIO','SPORT',2002,33990,'2.0L','MULTI POINT F/INJ','50L','124Kw',5,'5M','3D HATCHBACK','FWD','2472mm'),(15066,'RENAULT','CLIO','CAMPUS',2006,18990,'1.4L','MULTI POINT F/INJ','50L','72Kw',5,'5M','5D HATCHBACK','FWD','2472mm'),(15068,'RENAULT','SCENIC','PRIVILEGE',2003,37990,'2.0L','MULTI POINT F/INJ','60L','101Kw',5,'4A','5D WAGON','FWD','2580mm'),(15080,'RENAULT','19','RT',1995,26790,'1.7L','MULTI POINT F/INJ','55L','68Kw',5,'5M','5D HATCHBACK','FWD','2540mm'),(15081,'RENAULT','MEGANE','PRIVILEGE',2004,35990,'2.0L','MULTI POINT F/INJ','60L','98Kw',5,'4A','4D SEDAN','FWD','2686mm'),(15082,'RENAULT','MEGANE','EXPRESSION',2002,41490,'1.6L','MULTI POINT F/INJ','60L','79Kw',4,'5M','2D CABRIOLET','FWD','2461mm'),(15083,'VOLVO','S60','05 UPGRADE 2.4 20V SE',2006,56950,'2.4L','MULTI POINT F/INJ','70L','125Kw',5,'5A','4D SEDAN','FWD','2715mm'),(15084,'VOLVO','V50','MY08 D5',2008,47950,'2.4L','DIESEL TURBO F/INJ','60L','132Kw',5,'5AG','4D WAGON','FWD','2640mm'),(15085,'VOLVO','7','40 TURBO',1989,65900,'2.3L','TURBO EFI','82L','119Kw',5,'4A','4D SEDAN','RWD','2770mm'),(15087,'VOLVO','8','50 GLE',1992,45690,'2.4L','ELECTRONIC F/INJ','73L','103Kw',5,'4A','4D SEDAN','FWD','2665mm'),(15088,'VOLVO','XC70','05 UPGRADE II LIFESTYLE EDITION LE',2005,64450,'2.5L','TURBO MPFI','70L','154Kw',5,'5AG','4D WAGON','AWD','2761mm'),(15089,'VOLVO','V50','MY07 2.4 LE',2007,47950,'2.4L','MULTI POINT F/INJ','62L','125Kw',5,'5AG','4D WAGON','FWD','2640mm'),(15100,'VOLVO','S40','MY2003 2.0 SE',2003,47950,'1.9L','MULTI POINT F/INJ','60L','100Kw',5,'5A','4D SEDAN','FWD','2562mm'),(15101,'VOLVO','S40','MY2001 2.0 SE',2001,47950,'1.9L','MULTI POINT F/INJ','60L','100Kw',5,'5A','4D SEDAN','FWD','2562mm'),(15102,'VOLVO','8','50 GLE',1994,47950,'2.4L','ELECTRONIC F/INJ','73L','103Kw',5,'4A','4D SEDAN','FWD','2665mm'),(15103,'VOLVO','S80','T6 SE',2001,98950,'2.8L','TWIN TURBO MPFI','80L','200Kw',5,'4AG','4D SEDAN','RWD','2791mm'),(15104,'VOLVO','8','50 SE',1997,59950,'2.4L','MULTI POINT F/INJ','73L','125Kw',5,'4A','5D WAGON','FWD','2665mm'),(15105,'VOLVO','V40','2',1997,45950,'1.9L','MULTI POINT F/INJ','60L','103Kw',5,'4A','5D WAGON','FWD','2550mm'),(15106,'VOLVO','S40','2',1997,44950,'1.9L','MULTI POINT F/INJ','60L','103Kw',5,'4A','4D SEDAN','FWD','2550mm'),(15107,'VOLVO','XC90','MY06 LIFESTYLE EDITION LE',2006,69950,'2.5L','TURBO MPFI','72L','154Kw',7,'5AG','4D WAGON','AWD','2857mm'),(15108,'VOLVO','S40','T4',1998,53450,'1.9L','TURBO MPFI','60L','147Kw',5,'5M','4D SEDAN','FWD','2550mm'),(15109,'VOLVO','4','40 GLT',1994,40950,'2.0L','ELECTRONIC F/INJ','60L','80Kw',5,'4A','4D HATCHBACK','FWD','2503mm'),(15110,'VOLVO','2','44 GL',1979,11220,'2.1L','FUEL INJECTED','60L','91Kw',5,'3A','4D SEDAN','RWD','2640mm'),(15119,'VOLVO','4','40 GLT',1996,45500,'2.0L','ELECTRONIC F/INJ','60L','80Kw',5,'4A','4D HATCHBACK','FWD','2503mm'),(15121,'VOLVO','S40','MY06 T5 AWD',2006,54950,'2.5L','TURBO MPFI','57L','162Kw',5,'5AG','4D SEDAN','AWD','2640mm'),(15122,'NISSAN','200','S15 SX SPEC S GT',2002,42990,'2.0L','TURBO MPFI','65L','147Kw',4,'6M','2D COUPE','RWD','2525mm'),(15123,'NISSAN','200','SX SPORTS LIMITED',1994,38500,'2.0L','TURBO MPFI','65L','147Kw',4,'5M','2D COUPE','RWD','2525mm'),(15124,'NISSAN','200','SX SPORTS',1996,44510,'2.0L','TURBO MPFI','65L','147Kw',4,'5M','2D COUPE','RWD','2525mm'),(15125,'NISSAN','200','S15 SX SPEC S',2002,40990,'2.0L','TURBO MPFI','65L','147Kw',4,'6M','2D COUPE','RWD','2525mm'),(15126,'NISSAN','200','S15 SX SPEC R GT',2002,46490,'2.0L','TURBO MPFI','65L','147Kw',4,'6M','2D COUPE','RWD','2525mm'),(15127,'NISSAN','200','SX SPORTS LIMITED',1998,39990,'2.0L','TURBO MPFI','65L','147Kw',4,'5M','2D COUPE','RWD','2525mm'),(15128,'NISSAN','200','S15 SX SPEC S',2001,40990,'2.0L','TURBO MPFI','65L','147Kw',4,'6M','2D COUPE','RWD','2525mm'),(15129,'NISSAN','200','SX LUXURY',1998,49995,'2.0L','TURBO MPFI','65L','147Kw',4,'5M','2D COUPE','RWD','2525mm'),(15130,'PEUGEOT','205','GTi',1990,33750,'1.9L','ELECTRONIC F/INJ','50L','75Kw',5,'5M','3D HATCHBACK','FWD','2420mm'),(15140,'PEUGEOT','406','D8 ST',1997,39995,'2.0L','MULTI POINT F/INJ','70L','100Kw',5,'5M','4D SEDAN','FWD','2700mm'),(15142,'PEUGEOT','405','Mi16',1993,41995,'2.0L','ELECTRONIC F/INJ','70L','112Kw',5,'5M','4D SEDAN','FWD','2669mm'),(15143,'PEUGEOT','306','XT',2000,29490,'2.0L','MULTI POINT F/INJ','60L','100Kw',5,'5M','5D HATCHBACK','FWD','2580mm'),(15144,'PEUGEOT','206','XT',2001,22990,'1.6L','MULTI POINT F/INJ','50L','67Kw',5,'5M','5D HATCHBACK','FWD','2442mm'),(15146,'PEUGEOT','206','GTi',2004,29990,'2.0L','MULTI POINT F/INJ','50L','102Kw',5,'5M','3D HATCHBACK','FWD','2442mm'),(15147,'PEUGEOT','406','D9',2004,69550,'2.9L','MULTI POINT F/INJ','70L','157Kw',4,'5M','2D COUPE','FWD','2700mm'),(15148,'PEUGEOT','206','CC',2005,32990,'1.6L','MULTI POINT F/INJ','50L','80Kw',4,'5M','2D CABRIOLET','FWD','2442mm'),(15149,'PEUGEOT','307','XSE',2003,31790,'2.0L','MULTI POINT F/INJ','60L','100Kw',5,'5M','5D HATCHBACK','FWD','2608mm'),(15150,'PEUGEOT','206','XR',2002,19990,'1.4L','MULTI POINT F/INJ','50L','55Kw',5,'5M','5D HATCHBACK','FWD','2442mm'),(15160,'PEUGEOT','405','D60 SRI',1992,34995,'1.9L','ELECTRONIC F/INJ','70L','80Kw',5,'5M','4D SEDAN','FWD','2669mm'),(15161,'PEUGEOT','307','MY06 UPGRADE XSE HDi 2.0',2006,32290,'2.0L','DIESEL TURBO F/INJ','60L','100Kw',5,'6M','5D HATCHBACK','FWD','2608mm'),(15162,'PEUGEOT','206','XT',2000,22450,'1.6L','MULTI POINT F/INJ','50L','67Kw',5,'5M','5D HATCHBACK','FWD','2442mm'),(15163,'PEUGEOT','307','MY06 UPGRADE SPORT 2.0',2005,37990,'2.0L','MULTI POINT F/INJ','60L','130Kw',5,'5M','5D HATCHBACK','FWD','2608mm'),(15165,'PEUGEOT','206','CC',2006,34990,'1.6L','MULTI POINT F/INJ','50L','80Kw',4,'4ATip','2D CABRIOLET','FWD','2442mm'),(15166,'PEUGEOT','307','XSE',2004,33990,'2.0L','MULTI POINT F/INJ','60L','100Kw',5,'4ATip','5D HATCHBACK','FWD','2608mm'),(15167,'PEUGEOT','206','C',2006,22990,'1.6L','MULTI POINT F/INJ','50L','82Kw',5,'5M','5D HATCHBACK','FWD','2442mm'),(15168,'PEUGEOT','206','XR',2004,19990,'1.4L','MULTI POINT F/INJ','50L','55Kw',5,'5M','5D HATCHBACK','FWD','2442mm'),(15169,'PEUGEOT','307','MY06 UPGRADE XSE HDi 2.0 TOURING',2006,33990,'2.0L','DIESEL TURBO F/INJ','60L','100Kw',5,'6M','4D WAGON','FWD','2708mm'),(15181,'PEUGEOT','206','XR',2003,21990,'1.6L','MULTI POINT F/INJ','50L','82Kw',5,'5M','3D HATCHBACK','FWD','2442mm'),(15184,'EUNOS','800','M',1996,85165,'2.3L','MILLER CYCLE','68L','149Kw',5,'4A','4D SEDAN','FWD','2750mm'),(15186,'EUNOS','30','X SPORT',1996,37155,'1.8L','ELECTRONIC F/INJ','50L','99Kw',4,'5M','2D COUPE','FWD','2455mm'),(15199,'CHRYSLER','VALIANT','CM GLX',1979,8014,'4.3L','CARB','79L','120Kw',5,'3A','4D SEDAN','RWD','2820mm'),(15200,'CHRYSLER','300C','LE MY06 CRD',2006,57990,'3.0L','DIESEL TURBO F/INJ','71L','160Kw',5,'5A','4D SEDAN','RWD','3050mm'),(15201,'CHRYSLER','VOYAGER','RG SE',2002,52590,'3.3L','MULTI POINT F/INJ','75L','128Kw',7,'4A','4D WAGON','FWD','2787mm'),(15202,'CHRYSLER','CROSSFIRE','ZH ROADSTER',2005,75990,'3.2L','MULTI POINT F/INJ','60L','160Kw',2,'5ASeq','2D CONVERTIBLE','RWD','2400mm'),(15203,'CHRYSLER','VOYAGER','GS SE',1999,48200,'3.3L','MULTI POINT F/INJ','76L','116Kw',7,'4A','4D WAGON','FWD','2878mm'),(15204,'CHRYSLER','PT CRUISER','MY06 CLASSIC',2005,31990,'2.4L','MULTI POINT F/INJ','57L','105Kw',5,'4A','5D HATCHBACK','FWD','2616mm'),(15205,'CHRYSLER','PT CRUISER','CLASSIC',2001,35200,'2.0L','MULTI POINT F/INJ','57L','104Kw',5,'5M','5D HATCHBACK','FWD','2616mm'),(15207,'CHRYSLER','300C','LE MY06 SRT8',2006,71990,'6.1L','MULTI POINT F/INJ','71L','317Kw',5,'5A','4D SEDAN','RWD','3050mm'),(15208,'CHRYSLER','GRAND VOYAGER','RG SE',2004,59090,'3.3L','MULTI POINT F/INJ','75L','128Kw',7,'4A','4D WAGON','FWD','3030mm'),(15209,'CHRYSLER','NEON','SE',1997,24880,'2.0L','ELECTRONIC F/INJ','47L','98Kw',5,'3A','4D SEDAN','FWD','2642mm'),(15210,'CHRYSLER','PT CRUISER','CLASSIC',2004,32490,'2.0L','MULTI POINT F/INJ','57L','104Kw',5,'4A','5D HATCHBACK','FWD','2616mm'),(15220,'CHRYSLER','VOYAGER','RG 05 UPGRADE LX',2004,62980,'3.3L','MULTI POINT F/INJ','75L','128Kw',7,'4A','4D WAGON','FWD','3030mm'),(15221,'CHRYSLER','PT CRUISER','LIMITED',2004,38490,'2.0L','MULTI POINT F/INJ','57L','104Kw',5,'4A','5D HATCHBACK','FWD','2616mm'),(15222,'CHRYSLER','VOYAGER','GS SE',2001,46900,'3.3L','MULTI POINT F/INJ','76L','116Kw',7,'4A','4D WAGON','FWD','2878mm'),(15223,'MAZDA','323','PROTEGE',1999,20990,'1.6L','MULTI POINT F/INJ','55L','78Kw',5,'5M','4D SEDAN','FWD','2610mm'),(15224,'MAZDA','323','ASTINA',1997,35700,'2.0L','MULTI POINT F/INJ','55L','104Kw',5,'5M','5D HATCHBACK','FWD','2605mm'),(15225,'MAZDA','323','ASTINA SHADES',2001,20490,'1.6L','MULTI POINT F/INJ','55L','78Kw',5,'5M','5D HATCHBACK','FWD','2605mm'),(15226,'MAZDA','323','DELUXE',1983,8835,'1.5L','CARB','45L','54Kw',4,'5M','4D WAGON','RWD','2315mm'),(15227,'MAZDA','323','PROTEGE SHADES',2000,19715,'1.6L','MULTI POINT F/INJ','55L','78Kw',5,'5M','4D SEDAN','FWD','2610mm'),(15228,'MAZDA','323','PROTEGE',1997,22915,'1.8L','MULTI POINT F/INJ','55L','92Kw',5,'5M','4D SEDAN','FWD','2605mm'),(15229,'MAZDA','323','ASTINA',1995,31050,'1.8L','MULTI POINT F/INJ','55L','92Kw',5,'4A','5D HATCHBACK','FWD','2605mm'),(15230,'MAZDA','323','PROTEGE',1998,22915,'1.8L','MULTI POINT F/INJ','55L','92Kw',5,'5M','4D SEDAN','FWD','2605mm'),(15240,'MAZDA','323','PROTEGE',2000,19715,'1.6L','MULTI POINT F/INJ','55L','78Kw',5,'5M','4D SEDAN','FWD','2610mm'),(15241,'MAZDA','323','ASTINA',1993,25715,'1.8L','MULTI POINT F/INJ','55L','76Kw',5,'5M','5D HATCHBACK','FWD','2500mm'),(15242,'MAZDA','323','ASTINA SHADES',2000,19715,'1.6L','MULTI POINT F/INJ','55L','78Kw',5,'5M','5D HATCHBACK','FWD','2605mm'),(15243,'MAZDA','323','ASTINA',1996,38270,'2.0L','MULTI POINT F/INJ','55L','104Kw',5,'5M','5D HATCHBACK','FWD','2605mm'),(15244,'MAZDA','323','ASTINA',1998,28480,'1.8L','MULTI POINT F/INJ','55L','92Kw',5,'4A','5D HATCHBACK','FWD','2605mm'),(15245,'MAZDA','323','SUPER DELUXE',1989,20210,'1.6L','MULTI POINT F/INJ','48L','61Kw',5,'4A','5D HATCHBACK','FWD','2400mm'),(15246,'MAZDA','323','PROTEGE',2003,21840,'1.8L','MULTI POINT F/INJ','55L','92Kw',5,'4A','4D SEDAN','FWD','2610mm'),(15247,'MAZDA','323','ASTINA',2003,21840,'1.8L','MULTI POINT F/INJ','55L','92Kw',5,'4A','5D HATCHBACK','FWD','2610mm'),(15248,'MAZDA','323','SUPER DELUXE',1988,19390,'1.6L','CARB','48L','53Kw',5,'3A','5D HATCHBACK','FWD','2400mm'),(15249,'MAZDA','323','ASTINA SHADES',1998,26990,'1.8L','MULTI POINT F/INJ','55L','92Kw',5,'5M','5D HATCHBACK','FWD','2605mm'),(15250,'MAZDA','323','ASTINA SP',1994,30085,'1.8L','MULTI POINT F/INJ','55L','92Kw',5,'5M','5D HATCHBACK','FWD','2500mm'),(15259,'MAZDA','323','LIMITED',1985,15826,'1.6L','MULTI POINT F/INJ','45L','61Kw',5,'5M','5D HATCHBACK','FWD','2400mm'),(15260,'MAZDA','323','ASTINA SP20',2002,29180,'2.0L','MULTI POINT F/INJ','55L','98Kw',5,'5M','5D HATCHBACK','FWD','2610mm'),(15261,'MAZDA','323','PROTEGE SHADES',2002,20695,'1.6L','MULTI POINT F/INJ','55L','78Kw',5,'5M','4D SEDAN','FWD','2605mm'),(15263,'MAZDA','323','BJ PROTEGE SHADES',2003,19990,'1.8L','MULTI POINT F/INJ','55L','92Kw',5,'5M','4D SEDAN','FWD','2610mm'),(15264,'MAZDA','323','PROTEGE SP20',2002,26990,'2.0L','MULTI POINT F/INJ','55L','98Kw',5,'5M','4D SEDAN','FWD','2610mm'),(15280,'MITSUBISHI','380','DB',2005,35990,'3.8L','MULTI POINT F/INJ','67L','175Kw',5,'5ASPM','4D SEDAN','FWD','2750mm'),(15282,'TOYOTA','4 RUNNER','DELUXE 4x4',1989,28200,'2.4L','CARB','65L','75Kw',5,'5M4x4','4D WAGON','4WD','2625mm'),(15284,'TOYOTA','4 RUNNER','RV6 4x4',1992,36954,'3.0L','ELECTRONIC F/INJ','65L','105Kw',5,'4A4x4','4D WAGON','4WD','2625mm'),(15297,'MAZDA','626','CLASSIC',2000,31070,'2.0L','MULTI POINT F/INJ','64L','93Kw',5,'5M','5D HATCHBACK','FWD','2610mm'),(15300,'MAZDA','626','ECLIPSE',2002,31980,'2.0L','MULTI POINT F/INJ','64L','93Kw',5,'4A','4D SEDAN','FWD','2610mm'),(15301,'MAZDA','626','LUXURY',1999,37290,'2.0L','MULTI POINT F/INJ','64L','93Kw',5,'4A','5D HATCHBACK','FWD','2610mm'),(15302,'MAZDA','626','DELUXE',1994,31335,'2.0L','MULTI POINT F/INJ','60L','85Kw',5,'4A','4D SEDAN','FWD','2610mm'),(15303,'MAZDA','626','CLASSIC',1998,30180,'2.0L','MULTI POINT F/INJ','64L','93Kw',5,'5M','4D SEDAN','FWD','2610mm'),(15304,'MAZDA','626','CLASSIC',1999,32430,'2.0L','MULTI POINT F/INJ','64L','93Kw',5,'4A','4D SEDAN','FWD','2610mm'),(15305,'MAZDA','626','CLASSIC',2001,32900,'2.0L','MULTI POINT F/INJ','64L','93Kw',5,'4A','5D HATCHBACK','FWD','2610mm'),(15306,'MAZDA','626','LIMITED EDITION',2000,30160,'2.0L','MULTI POINT F/INJ','64L','93Kw',5,'5M','4D SEDAN','FWD','2610mm'),(15307,'AUDI','A4','B6 2.0',2002,50650,'2.0L','MULTI POINT F/INJ','70L','96Kw',5,'CVTM','4D SEDAN','FWD','2650mm'),(15308,'AUDI','A3','8P SPORTBACK 2.0 TDI AMBITION DSG',2005,47750,'2.0L','DIESEL TURBO F/INJ','55L','103Kw',5,'6ADSG','5D HATCHBACK','FWD','2578mm'),(15309,'AUDI','90','SPORT',1990,42245,'2.3L','ELECTRONIC F/INJ','68L','100Kw',5,'5M','4D SEDAN','FWD','2546mm'),(15310,'AUDI','A4','B7 2.0',2007,50450,'2.0L','MULTI POINT F/INJ','70L','96Kw',5,'CVTM','4D SEDAN','FWD','2648mm'),(15316,'AUDI','TT','MY99',1999,73000,'1.8L','TURBO MPFI','55L','132Kw',4,'5M','2D COUPE','FWD','2419mm'),(15317,'AUDI','A4','1.8 SE 20V',1996,51320,'1.8L','MULTI POINT F/INJ','60L','92Kw',5,'4A','4D SEDAN','FWD','2617mm'),(15321,'AUDI','A4','B6 2.0 AVANT',2003,54250,'2.0L','MULTI POINT F/INJ','70L','96Kw',5,'CVTM6','4D WAGON','FWD','2650mm'),(15322,'AUDI','ALLROAD QUATTRO','C5',2001,99250,'2.7L','TWIN TURBO MPFI','70L','184Kw',5,'5ATip','4D WAGON','AWD','2760mm'),(15323,'AUDI','A3','1.6',2003,35400,'1.6L','MULTI POINT F/INJ','55L','75Kw',5,'5M','5D HATCHBACK','FWD','2512mm'),(15324,'AUDI','S3','1.8',2000,65850,'1.8L','TURBO MPFI','62L','154Kw',5,'6M','3D HATCHBACK','AWD','2519mm'),(15325,'AUDI','A3','8P SPORTBACK 2.0 TDI AMBITION DSG',2006,47750,'2.0L','DIESEL TURBO F/INJ','55L','103Kw',5,'6ADSG','5D HATCHBACK','FWD','2578mm'),(15326,'AUDI','A3','1.8',1999,42450,'1.8L','MULTI POINT F/INJ','55L','92Kw',5,'4A','3D HATCHBACK','FWD','2512mm'),(15327,'AUDI','A3','1.8 TURBO',2004,44950,'1.8L','TURBO MPFI','55L','110Kw',5,'5M','5D HATCHBACK','FWD','2512mm'),(15328,'AUDI','TT','QUATTRO',2004,92500,'1.8L','TURBO MPFI','62L','165Kw',2,'6M','2D ROADSTER','AWD','2429mm'),(15329,'AUDI','A3','1.8',2002,38700,'1.8L','MULTI POINT F/INJ','55L','92Kw',5,'5M','5D HATCHBACK','FWD','2512mm'),(15330,'AUDI','A6','4B 2.4 V6',2003,80900,'2.4L','MULTI POINT F/INJ','70L','125Kw',5,'CVTM6','4D SEDAN','FWD','2749mm'),(15340,'SAAB','9-Mar','MY07 LINEAR SPORT 1.9TiD SPORTCOMBI',2007,53400,'1.9L','TURBO MPFI','58L','110Kw',5,'5A','4D WAGON','FWD','2675mm'),(15341,'SAAB','9-May','SE',2000,67986,'2.3L','TURBO MPFI','75L','125Kw',5,'4A','4D SEDAN','FWD','2703mm'),(15342,'SAAB','9-Mar','MY04 ARC 2.0T',2004,56400,'2.0L','TURBO MPFI','62L','129Kw',5,'5A','4D SEDAN','FWD','2675mm'),(15343,'SAAB','9-Mar','MY02 AERO',2002,64575,'2.0L','TURBO MPFI','68L','151Kw',5,'4A','5D HATCHBACK','FWD','2605mm'),(15344,'SAAB','9-May','MY04 AERO',2004,84900,'2.3L','TURBO MPFI','75L','184Kw',5,'5AST','4D SEDAN','FWD','2703mm'),(15345,'SAAB','900','SE 2.5 V6',1996,63900,'2.5L','MULTI POINT F/INJ','68L','125Kw',5,'4A','5D HATCHBACK','FWD','2600mm'),(15346,'SAAB','9-Mar','MY03 TURBO 2.0t LTD ED',2003,73000,'2.0L','TURBO MPFI','68L','110Kw',5,'4A','2D CONVERTIBLE','FWD','2605mm'),(15347,'SAAB','9000','CS ANNIVERSARY',1998,54900,'2.3L','TURBO EFI','66L','125Kw',5,'4A','4D HATCHBACK','FWD','2672mm'),(15348,'SAAB','900','S 2.5 V6',1994,45900,'2.5L','MULTI POINT F/INJ','68L','125Kw',5,'5M','5D HATCHBACK','FWD','2600mm'),(15349,'SAAB','9-May','MY01 S',2001,64000,'2.3L','TURBO MPFI','75L','136Kw',5,'4A','4D SEDAN','FWD','2703mm'),(15350,'SAAB','9-Mar','MY05 AERO',2005,93000,'2.0L','TURBO MPFI','62L','155Kw',4,'5ASEN','2D CONVERTIBLE','FWD','2675mm'),(15357,'SAAB','9000','CSE',1994,79200,'2.3L','TURBO EFI','66L','147Kw',5,'4A','4D HATCHBACK','FWD','2672mm'),(15360,'SAAB','9-Mar','AERO',2000,80887,'2.0L','TURBO MPFI','64L','158Kw',5,'5M','2D CONVERTIBLE','FWD','2605mm'),(15361,'SAAB','9-Mar','S',2001,63885,'2.0L','TURBO MPFI','68L','113Kw',4,'5M','2D CONVERTIBLE','FWD','2605mm'),(15362,'SAAB','9-Mar','MY04 AERO 2.0t',2004,67900,'2.0L','TURBO MPFI','62L','155Kw',5,'6M','4D SEDAN','FWD','2675mm'),(15363,'SAAB','9000','CS',1997,52000,'2.3L','TURBO EFI','66L','125Kw',5,'4A','4D HATCHBACK','FWD','2672mm'),(15364,'SAAB','9000','CS',1996,50400,'2.3L','TURBO EFI','66L','125Kw',5,'4A','4D HATCHBACK','FWD','2672mm'),(15365,'SAAB','9-Mar','S',2000,65985,'2.0L','TURBO MPFI','68L','113Kw',4,'4A','2D CONVERTIBLE','FWD','2605mm'),(15366,'SAAB','9-Mar','SE',1999,62000,'2.0L','TURBO MPFI','68L','136Kw',5,'4A','5D SEDAN','FWD','2605mm'),(15367,'SAAB','9000','CD 16',1993,46990,'2.3L','ELECTRONIC F/INJ','66L','108Kw',5,'4A','4D SEDAN','FWD','2672mm'),(15368,'MAZDA','929','DELUXE',1987,23010,'2.0L','MULTI POINT F/INJ','60L','70Kw',5,'5M','4D SEDAN','RWD','2615mm'),(15369,'MAZDA','929','LUXURY',1986,29600,'2.0L','MULTI POINT F/INJ','60L','70Kw',5,'4A','2D HARDTOP','RWD','2615mm'),(15400,'HONDA','ACCORD','40 VTi',2005,29990,'2.4L','MULTI POINT F/INJ','65L','118Kw',5,'5A','4D SEDAN','FWD','2740mm');
/*!40000 ALTER TABLE `vroom_car` ENABLE KEYS */;
UNLOCK TABLES;

--
-- Dumping data for table `vroom_order`
--

LOCK TABLES `vroom_order` WRITE;
/*!40000 ALTER TABLE `vroom_order` DISABLE KEYS */;
INSERT INTO `vroom_order` VALUES (3,'2005-07-03','2005-07-03','2005-07-11',14806,11014,3,16),(4,'2005-07-04','2005-07-04','2005-07-09',14816,11012,12,8),(5,'2005-07-05','2005-07-05','2005-07-10',14810,11011,5,5),(6,'2005-07-06','2005-07-09','2005-07-15',14812,11011,6,25),(7,'2005-07-07','2005-07-07','2005-07-15',14814,11014,7,14),(8,'2005-07-08','2005-07-09','2005-07-16',14816,11016,8,29),(9,'2005-07-09','2005-07-09','2005-07-18',14818,11014,9,18),(11,'2005-07-11','2005-07-11','2005-07-16',14811,11059,11,13),(12,'2005-07-12','2005-07-15','2005-08-13',14812,11017,25,25),(13,'2005-07-13','2018-08-08','2005-07-21',14813,11054,1,13),(14,'2005-07-14','2005-07-15','2005-07-19',14814,11055,14,14),(15,'2005-07-15','2005-07-15','2005-07-24',14815,11056,15,15),(16,'2005-07-16','2005-07-16','2005-08-17',14816,11052,29,29),(17,'2005-07-17','2005-07-17','2018-08-09',14817,11011,17,1),(18,'2005-07-18','2005-07-18','2005-07-23',14818,11055,18,18),(19,'2005-07-19','2005-07-20','2005-08-10',14819,11017,14,14),(20,'2005-07-20','2005-07-23','2005-08-04',14835,11052,15,35),(21,'2005-07-21','2018-08-08','2005-08-10',14842,11053,1,1),(22,'2005-07-22','2005-07-22','2005-08-08',14839,11018,17,39),(23,'2005-07-23','2005-07-23','2005-08-07',14838,11015,15,25),(24,'2005-07-24','2005-07-27','2005-08-12',14843,11018,19,19),(25,'2005-07-25','2005-07-25','2005-08-14',14850,11016,25,5),(26,'2005-07-26','2005-07-29','2005-08-14',14847,11018,21,21),(27,'2005-07-27','2005-07-27','2005-08-12',14846,11051,19,3),(28,'2005-07-28','2018-08-08','2005-08-21',14851,11054,1,22),(29,'2005-07-29','2005-07-29','2005-08-18',14858,11016,29,9),(30,'2005-07-30','2005-07-30','2005-08-20',14860,11016,30,10),(31,'2005-07-31','2005-07-31','2005-08-24',14831,11012,21,24),(32,'2005-08-01','2005-08-04','2005-08-06',14832,11015,21,21),(33,'2005-08-02','2005-08-02','2005-08-07',14833,11019,33,15),(34,'2005-08-03','2005-08-03','2005-08-24',14834,11057,21,21),(35,'2005-08-04','2005-08-04','2005-08-13',14835,11056,35,35),(36,'2005-08-05','2005-08-05','2005-08-26',14836,11057,23,23),(37,'2005-08-06','2005-08-06','2005-08-15',14837,11013,37,37),(38,'2005-08-07','2005-08-07','2005-08-28',14838,11012,25,25),(39,'2005-08-08','2005-08-08','2005-08-16',14839,11014,39,9),(40,'2005-08-09','2005-08-10','2005-09-21',14880,11013,40,15),(41,'2005-08-10','2005-08-10','2005-08-19',14842,11016,1,1),(42,'2005-08-11','2005-08-14','2005-08-16',14855,11015,13,13),(43,'2005-08-12','2005-08-12','2005-08-17',14846,11059,3,10),(44,'2005-08-13','2005-08-16','2005-08-28',14859,11051,15,19),(45,'2005-08-14','2005-08-14','2005-08-23',14850,11053,5,5),(46,'2005-08-15','2005-08-15','2005-09-01',14863,11051,17,23),(47,'2005-08-16','2005-08-16','2005-08-24',14854,11053,7,14),(48,'2005-08-17','2005-08-18','2005-09-08',14870,11017,22,30),(49,'2005-08-18','2005-08-18','2005-08-27',14858,11053,9,18),(50,'2005-08-19','2005-08-20','2005-08-29',14860,11050,10,11),(51,'2005-08-20','2005-08-21','2005-08-25',14851,11015,22,22),(52,'2005-08-21','2005-08-21','2005-09-07',14852,11015,23,16),(53,'2005-08-22','2005-08-22','2005-09-10',14853,11018,9,9),(54,'2005-08-23','2005-08-24','2005-09-12',14854,11053,14,14),(55,'2005-08-24','2005-08-24','2005-09-15',14831,11012,24,24),(56,'2005-08-25','2005-08-26','2005-09-10',14856,11019,16,14),(57,'2005-08-26','2005-08-26','2005-09-14',14857,11018,13,13),(58,'2005-08-27','2005-08-27','2005-09-12',14858,11011,18,18),(59,'2005-08-28','2005-08-28','2005-09-13',14859,11019,19,9),(60,'2005-08-29','2005-08-29','2005-09-10',14860,11012,11,11),(61,'2005-08-30','2005-08-30','2005-09-18',14861,11054,17,21),(62,'2005-08-31','2018-08-08','2005-09-16',14862,11011,1,22),(63,'2005-09-01','2005-09-01','2005-09-10',14863,11053,23,23),(64,'2005-09-02','2005-09-02','2005-09-23',14864,11052,17,17),(65,'2005-09-03','2005-09-03','2005-09-11',14865,11054,18,25),(66,'2005-09-04','2005-09-05','2005-09-13',14866,11056,26,26),(67,'2005-09-05','2005-09-05','2005-09-10',14867,11011,27,27),(68,'2005-09-06','2005-09-07','2005-09-07',14852,11057,16,17),(69,'2005-09-07','2005-09-07','2005-09-28',14852,11057,17,17),(70,'2005-09-08','2005-09-08','2005-09-13',14870,11055,30,30),(71,'2005-09-09','2005-09-09','2005-09-14',14871,11011,31,31),(72,'2005-09-10','2005-09-11','2005-10-01',14872,11010,32,21),(73,'2005-09-11','2005-09-11','2005-09-16',14873,11015,23,23),(74,'2005-09-12','2005-09-15','2005-09-17',14874,11015,24,24),(75,'2005-09-13','2005-09-14','2005-10-14',14875,11017,28,28),(76,'2005-09-14','2005-09-15','2005-09-19',14876,11015,26,26),(77,'2005-09-15','2005-09-15','2005-09-24',14877,11013,37,37),(78,'2005-09-16','2005-09-17','2005-09-24',14878,11014,38,13),(79,'2005-09-17','2005-09-17','2005-09-25',14879,11014,39,14),(80,'2005-09-18','2005-09-21','2005-10-19',14880,11017,15,15),(81,'2005-09-19','2005-09-19','2005-09-24',14881,11051,13,13),(82,'2005-09-20','2005-09-20','2005-10-11',14882,11057,12,12),(83,'2005-09-21','2005-09-21','2005-09-26',14883,11055,3,3),(84,'2005-09-22','2005-09-23','2005-10-10',14884,11010,4,4),(85,'2005-09-23','2005-09-24','2005-10-14',14885,11052,20,20),(87,'2005-09-25','2005-09-25','2005-10-13',14887,11058,7,7),(88,'2005-09-26','2005-09-26','2005-10-17',14888,11052,23,23),(89,'2005-09-27','2005-09-27','2005-10-12',14889,11051,21,21),(90,'2005-09-28','2005-09-29','2005-10-19',14890,11057,20,20),(91,'2005-09-29','2005-09-29','2005-10-17',14891,11014,11,10),(93,'2005-10-01','2005-10-01','2005-10-07',14872,11012,21,26),(95,'2005-10-03','2005-10-03','2005-10-08',14895,11015,25,25),(96,'2005-10-04','2005-10-05','2005-10-09',14896,11051,26,26),(97,'2005-10-05','2005-10-05','2005-10-13',14897,11014,17,14),(98,'2005-10-06','2005-10-07','2005-10-27',14872,11012,26,26),(99,'2005-10-07','2005-10-08','2005-10-28',14899,11017,14,14),(100,'2005-10-08','2005-10-09','2005-10-17',14900,11016,20,20),(101,'2005-10-09','2005-10-09','2005-10-18',14901,11113,21,21),(102,'2005-10-10','2005-10-10','2005-10-18',14902,11114,17,22),(103,'2005-10-11','2005-10-11','2005-10-22',14903,11114,18,10),(104,'2005-10-12','2005-10-15','2005-10-21',14904,11116,24,24),(105,'2005-10-13','2005-10-13','2005-10-18',14905,11115,25,25),(106,'2005-10-14','2005-10-14','2005-10-25',14906,11112,21,10),(107,'2005-10-15','2005-10-15','2005-10-24',14907,11113,27,27),(108,'2005-10-16','2005-10-17','2005-10-21',14908,11111,20,20),(109,'2005-10-17','2005-10-17','2005-10-22',14909,11119,29,15),(110,'2005-10-18','2005-10-21','2005-11-19',14910,11112,25,25),(111,'2005-10-19','2005-10-19','2005-11-10',14911,11117,21,21),(112,'2005-10-20','2005-10-21','2005-10-25',14912,11119,32,10),(113,'2005-10-21','2005-10-22','2005-10-26',14903,11114,10,14),(114,'2005-10-22','2005-10-23','2005-10-27',14914,11111,26,26),(115,'2005-10-23','2005-10-23','2005-10-28',14915,11115,35,35),(116,'2005-10-24','2005-10-25','2005-11-08',14906,11111,10,25),(117,'2005-10-25','2005-10-26','2005-10-26',14903,11114,14,15),(118,'2005-10-26','2005-10-26','2005-10-28',14903,11112,15,16),(119,'2005-10-27','2005-10-28','2005-11-15',14903,11114,16,39),(120,'2005-10-28','2005-10-28','2005-11-10',14920,11117,12,13),(121,'2005-10-29','2005-10-29','2005-11-17',14921,11114,18,1),(122,'2005-10-30','2005-10-30','2005-11-18',14922,11158,2,2),(123,'2005-10-31','2005-10-31','2005-11-12',14923,11116,3,9),(124,'2005-11-01','2005-11-01','2005-11-12',14924,11111,15,10),(125,'2005-11-02','2005-11-02','2005-11-11',14925,11116,5,5),(126,'2005-11-03','2005-11-04','2005-11-24',14926,11112,20,20),(127,'2005-11-04','2005-11-04','2005-11-28',14927,11115,7,24),(128,'2005-11-05','2005-11-06','2005-11-13',14928,11158,8,8),(129,'2005-11-06','2005-11-07','2005-12-01',14929,11159,20,25),(130,'2005-11-07','2005-11-07','2005-11-15',14930,11114,24,10),(131,'2005-11-08','2005-11-08','2005-11-14',14906,11157,25,31),(132,'2005-11-09','2005-11-12','2005-11-15',14923,11156,9,15),(133,'2005-11-10','2005-11-10','2005-11-14',14920,11158,13,16),(134,'2005-11-11','2005-11-12','2005-11-12',14924,11114,10,11),(135,'2005-11-12','2005-11-12','2005-12-10',14924,11150,11,28),(136,'2005-11-13','2005-11-14','2005-11-16',14920,11119,16,19),(137,'2005-11-14','2005-11-14','2005-12-15',14906,11157,31,31),(138,'2005-11-15','2005-11-15','2005-11-24',14923,11156,15,15),(139,'2005-11-16','2005-11-16','2005-12-06',14920,11151,19,36),(140,'2005-11-17','2005-11-18','2005-11-22',14940,11155,20,20),(141,'2005-11-18','2005-11-18','2005-12-10',14941,11154,21,12),(142,'2005-11-19','2005-11-19','2005-12-10',14942,11152,18,18),(143,'2005-11-20','2005-11-20','2005-12-02',14943,11154,23,12),(144,'2005-11-21','2005-11-24','2005-12-06',14944,11153,21,14),(145,'2005-11-22','2005-11-22','2005-12-11',14945,11116,25,25),(146,'2005-11-23','2005-11-24','2005-11-28',14946,11155,26,26),(147,'2005-11-24','2005-11-24','2005-12-05',14947,11117,18,10),(148,'2005-11-25','2005-11-26','2005-12-10',14948,11119,28,11),(149,'2005-11-26','2005-11-27','2005-12-15',14949,11153,26,26),(150,'2005-11-27','2005-11-27','2005-12-15',14950,11154,30,30),(151,'2005-11-28','2005-11-28','2005-12-13',14927,11111,24,24),(152,'2005-11-29','2005-11-29','2005-12-10',14924,11157,28,28),(153,'2005-11-30','2005-11-30','2005-12-19',14941,11153,12,12),(154,'2005-12-01','2005-12-01','2005-12-06',14929,11111,25,25),(155,'2005-12-02','2005-12-02','2005-12-07',14943,11156,12,16),(156,'2005-12-03','2005-12-06','2005-12-08',14920,11155,36,36),(157,'2005-12-04','2005-12-05','2005-12-09',14947,11159,10,12),(158,'2005-12-05','2005-12-06','2005-12-08',14944,11157,14,17),(159,'2005-12-06','2005-12-07','2005-12-07',14943,11156,16,17),(160,'2005-12-07','2005-12-07','2005-12-11',14943,11153,17,20),(161,'2005-12-08','2005-12-08','2005-12-12',14944,11152,17,20),(162,'2005-12-09','2005-12-10','2006-01-03',14967,11154,2,26),(163,'2005-12-10','2005-12-11','2005-12-15',14943,11156,20,25),(164,'2005-12-11','2005-12-12','2005-12-18',14944,11150,20,27),(165,'2005-12-12','2005-12-12','2005-12-22',14960,11158,5,15),(166,'2005-12-13','2005-12-13','2005-12-19',14961,11154,6,9),(167,'2005-12-14','2005-12-14','2005-12-24',14962,11154,7,14),(168,'2005-12-15','2005-12-15','2005-12-24',14943,11156,25,25),(169,'2005-12-16','2005-12-16','2005-12-24',14964,11158,9,9),(170,'2005-12-17','2005-12-20','2005-12-19',14961,11156,9,11),(171,'2005-12-18','2005-12-18','2005-12-20',14944,11157,27,29),(172,'2005-12-19','2005-12-19','2006-01-11',14961,11156,11,22),(173,'2005-12-20','2005-12-20','2006-01-11',14944,11152,29,29),(174,'2005-12-21','2005-12-22','2006-01-01',14969,11158,14,25),(175,'2005-12-22','2005-12-22','2006-01-10',14960,11158,15,15),(176,'2005-12-23','2005-12-24','2005-12-24',14962,11157,14,15),(177,'2005-12-24','2005-12-24','2005-12-26',14962,11152,15,16),(178,'2005-12-25','2005-12-26','2005-12-26',14962,11152,16,17),(179,'2005-12-26','2005-12-26','2005-12-28',14962,11152,17,20),(180,'2005-12-27','2005-12-28','2006-01-10',14962,11155,20,20),(181,'2005-12-28','2005-12-28','2006-01-03',14966,11154,21,21),(182,'2005-12-29','2005-12-29','2006-01-15',14962,11157,20,38),(183,'2005-12-30','2005-12-30','2006-01-06',14961,11156,22,30),(184,'2005-12-31','2005-12-31','2006-01-16',14965,11159,19,15),(185,'2006-01-01','2006-01-01','2006-01-05',14969,11158,25,28),(186,'2006-01-02','2006-01-03','2006-01-06',14967,11151,26,22),(187,'2006-01-03','2006-01-03','2006-01-12',14966,11153,21,21),(188,'2006-01-04','2006-01-05','2006-01-09',14969,11151,28,28),(189,'2006-01-05','2006-01-06','2006-01-07',14967,11157,22,24),(190,'2006-01-06','2006-01-06','2006-01-11',14961,11151,30,30),(191,'2006-01-07','2006-01-07','2006-01-10',14967,11152,24,26),(193,'2006-01-09','2006-01-10','2006-01-12',14967,11157,26,28),(194,'2006-01-10','2006-01-13','2006-01-12',14985,11150,9,11),(195,'2006-01-11','2006-01-12','2006-02-12',14967,11152,28,28),(196,'2006-01-12','2006-01-12','2006-01-13',14985,11150,11,12),(197,'2006-01-13','2006-01-13','2006-01-21',14985,11150,12,12),(198,'2006-01-14','2006-01-15','2006-01-22',14962,11158,38,38),(199,'2006-01-15','2006-01-15','2006-01-24',14984,11156,15,15),(200,'2006-01-16','2006-01-17','2006-01-21',15004,11154,40,4),(201,'2006-01-17','2006-01-17','2006-02-03',15001,11250,1,18),(202,'2006-01-18','2006-01-19','2006-01-23',15002,11259,2,11),(203,'2006-01-19','2006-01-19','2006-02-11',15003,11258,18,12),(204,'2006-01-20','2006-01-21','2006-01-29',15004,11256,4,13),(205,'2006-01-21','2006-01-21','2006-01-27',15005,11251,5,11),(206,'2006-01-22','2006-01-25','2006-02-11',15006,11259,6,9),(207,'2006-01-23','2006-01-23','2006-02-12',15007,11253,7,7),(208,'2006-01-24','2006-01-24','2006-02-24',15008,11258,23,38),(209,'2006-01-25','2006-01-25','2006-02-02',15009,11253,9,16),(210,'2006-01-26','2006-01-27','2006-02-11',15010,11251,10,10),(211,'2006-01-27','2006-01-27','2006-02-11',15005,11254,11,14),(212,'2006-01-28','2006-01-28','2006-02-24',15003,11251,12,39),(213,'2006-01-29','2006-01-29','2006-02-14',15004,11259,13,14),(214,'2006-01-30','2006-01-30','2006-02-18',15005,11251,14,32),(215,'2006-01-31','2006-01-31','2006-02-20',15006,11255,9,28),(216,'2006-02-01','2006-02-02','2006-02-18',15009,11254,16,24),(217,'2006-02-02','2006-02-02','2006-02-10',15000,11250,17,17),(218,'2006-02-03','2006-02-03','2006-02-16',15001,11250,18,31),(220,'2006-02-05','2006-02-06','2006-02-10',15020,11251,20,20),(222,'2006-02-07','2006-02-08','2006-02-12',15022,11251,22,22),(223,'2006-02-08','2006-02-08','2006-02-17',15023,11253,23,23),(224,'2006-02-09','2006-02-12','2006-03-10',15024,11256,24,29),(225,'2006-02-10','2006-02-10','2006-02-18',15025,11258,19,19),(226,'2006-02-11','2006-02-11','2006-03-12',15026,11252,15,15),(227,'2006-02-12','2006-02-12','2006-02-21',15027,11256,27,27),(228,'2006-02-13','2006-02-14','2006-02-22',15028,11256,28,28),(229,'2006-02-14','2006-02-14','2006-02-19',15029,11259,29,11),(230,'2006-02-15','2006-02-18','2006-03-16',15030,11252,19,19),(231,'2006-02-16','2006-02-16','2006-02-21',15001,11251,31,31),(232,'2006-02-17','2006-02-18','2006-02-25',15005,11254,32,10),(233,'2006-02-18','2006-02-18','2006-02-20',15009,11255,24,35),(234,'2006-02-19','2006-02-20','2006-02-22',15006,11217,28,31),(235,'2006-02-20','2006-02-20','2006-02-28',15009,11256,35,35),(236,'2006-02-21','2006-02-24','2006-03-12',15011,11252,25,25),(237,'2006-02-22','2006-02-22','2006-03-13',15006,11217,31,31),(238,'2006-02-23','2006-02-24','2006-02-28',15008,11251,38,38),(239,'2006-02-24','2006-02-24','2006-03-13',15003,11256,39,39),(240,'2006-02-25','2006-02-28','2006-03-15',15040,11219,13,18),(241,'2006-02-26','2006-02-27','2006-03-12',15041,11219,14,15),(243,'2006-02-28','2006-02-28','2006-03-08',15043,11213,20,11),(244,'2006-03-01','2006-03-02','2006-04-05',15044,11218,4,39),(245,'2006-03-02','2006-03-02','2006-03-20',15045,11215,5,18),(246,'2006-03-03','2006-03-04','2006-03-28',15046,11217,22,30),(247,'2006-03-04','2006-03-04','2006-03-12',15047,11218,7,12),(248,'2006-03-05','2006-03-05','2006-03-20',15048,11216,25,22),(249,'2006-03-06','2006-03-06','2006-03-24',15049,11214,9,27),(250,'2006-03-07','2006-03-07','2006-03-12',15050,11219,23,11),(251,'2006-03-08','2006-03-08','2006-03-14',15043,11259,11,17),(252,'2006-03-09','2006-03-12','2006-03-13',15047,11254,12,9),(253,'2006-03-10','2006-03-10','2006-04-11',15024,11257,29,29),(254,'2006-03-11','2006-03-14','2006-03-18',15042,11210,12,20),(255,'2006-03-12','2006-03-12','2006-03-16',15041,11256,15,19),(256,'2006-03-13','2006-03-13','2006-03-19',15047,11252,9,14),(257,'2006-03-14','2006-03-14','2006-03-23',15043,11256,17,17),(258,'2006-03-15','2006-03-15','2006-03-24',15040,11251,18,24),(259,'2006-03-16','2006-03-16','2006-03-24',15041,11259,19,26),(260,'2006-03-17','2006-03-18','2006-04-10',15042,11259,20,31),(261,'2006-03-18','2006-03-19','2006-04-10',15047,11252,14,32),(262,'2006-03-19','2006-03-20','2006-04-03',15048,11253,22,37),(263,'2006-03-20','2006-03-20','2006-03-23',15045,11255,18,20),(264,'2006-03-21','2006-03-24','2006-03-26',15040,11256,24,28),(265,'2006-03-22','2006-03-23','2006-03-26',15045,11255,20,24),(266,'2006-03-23','2006-03-24','2006-04-11',15041,11250,26,26),(267,'2006-03-24','2006-03-24','2006-03-29',15049,11251,27,27),(268,'2006-03-25','2006-03-26','2006-04-01',15040,11259,28,35),(269,'2006-03-26','2006-03-26','2006-04-11',15045,11255,24,24),(270,'2006-03-27','2006-03-27','2006-03-28',15046,11253,30,31),(271,'2006-03-28','2006-03-28','2006-04-12',15046,11254,31,34),(272,'2006-03-29','2006-03-29','2006-04-05',15047,11254,32,36),(273,'2006-03-30','2006-03-30','2006-04-11',15042,11257,31,31),(274,'2006-03-31','2006-03-31','2006-04-16',15046,11251,34,34),(275,'2006-04-01','2006-04-01','2006-04-10',15040,11256,35,35),(276,'2006-04-02','2006-04-05','2006-04-07',15047,11259,36,15),(277,'2006-04-03','2006-04-03','2006-04-08',15048,11259,37,8),(278,'2006-04-04','2006-04-04','2006-04-15',15066,11255,12,22),(279,'2006-04-05','2006-04-05','2006-04-14',15044,11256,39,39),(280,'2006-04-06','2006-04-06','2006-04-13',15063,11257,17,24),(281,'2006-04-07','2006-04-07','2006-05-13',15082,11251,1,37),(282,'2006-04-08','2006-04-09','2006-04-17',15087,11256,2,2),(283,'2006-04-09','2006-04-09','2006-04-11',15068,11252,15,17),(284,'2006-04-10','2006-04-11','2006-04-19',15088,11254,4,13),(285,'2006-04-11','2006-04-11','2006-05-12',15068,11252,17,17),(286,'2006-04-12','2006-04-12','2006-04-19',15081,11256,6,9),(287,'2006-04-13','2006-04-13','2006-04-16',15063,11258,24,26),(288,'2006-04-14','2006-04-15','2006-04-19',15066,11255,22,22),(289,'2006-04-15','2006-04-16','2006-04-23',15063,11258,26,31),(290,'2006-04-16','2006-04-19','2006-04-24',15081,11258,9,17),(291,'2006-04-17','2006-04-17','2006-05-07',15085,11250,11,31),(292,'2006-04-18','2006-04-18','2006-05-15',15083,11251,12,39),(293,'2006-04-19','2006-04-19','2006-04-23',15088,11256,13,17),(294,'2006-04-20','2006-04-23','2006-05-11',15063,11257,31,31),(295,'2006-04-21','2006-04-21','2006-04-26',15084,11255,11,11),(296,'2006-04-22','2006-04-23','2006-04-25',15080,11254,16,19),(297,'2006-04-23','2006-04-23','2006-04-28',15088,11259,17,12),(298,'2006-04-24','2006-04-24','2006-05-15',15081,11257,17,17),(299,'2006-04-25','2006-04-25','2006-05-10',15080,11259,19,14),(300,'2006-04-26','2006-04-27','2006-05-15',15100,11253,20,20),(301,'2006-04-27','2006-04-27','2006-05-08',15101,11355,21,11),(302,'2006-04-28','2006-04-29','2006-05-13',15102,11359,22,10),(303,'2006-04-29','2006-04-29','2006-05-14',15103,11351,19,19),(304,'2006-04-30','2006-04-30','2006-05-12',15104,11350,24,12),(305,'2006-05-01','2006-05-01','2006-05-10',15105,11353,25,25),(306,'2006-05-02','2006-05-02','2006-05-14',15106,11354,23,12),(307,'2006-05-03','2006-05-03','2006-05-08',15107,11355,27,27),(308,'2006-05-04','2006-05-04','2006-05-25',15108,11352,25,25),(309,'2006-05-05','2006-05-05','2006-05-14',15109,11353,29,29),(310,'2006-05-06','2006-05-06','2006-05-11',15110,11351,24,24),(311,'2006-05-07','2006-05-07','2006-05-11',15085,11350,31,34),(312,'2006-05-08','2006-05-08','2006-05-09',15101,11354,11,12),(313,'2006-05-09','2006-05-09','2006-05-17',15101,11354,12,33),(314,'2006-05-10','2006-05-11','2006-05-15',15085,11359,34,12),(315,'2006-05-11','2006-05-11','2006-05-19',15089,11350,35,35),(316,'2006-05-12','2006-05-12','2006-05-17',15104,11351,12,12),(317,'2006-05-13','2006-05-13','2006-05-22',15082,11353,37,37),(318,'2006-05-14','2006-05-14','2006-05-27',15106,11357,12,25),(319,'2006-05-15','2006-05-15','2006-05-23',15083,11350,39,39),(320,'2006-05-16','2006-05-17','2006-05-21',15124,11350,40,4),(321,'2006-05-17','2006-05-17','2006-05-25',15121,11350,1,1),(322,'2006-05-18','2006-05-18','2006-06-24',15122,11354,21,38),(323,'2006-05-19','2006-05-19','2006-06-18',15123,11356,3,33),(324,'2006-05-20','2006-05-21','2006-06-20',15124,11353,4,34),(325,'2006-05-21','2006-05-21','2006-05-29',15125,11358,5,5),(326,'2006-05-22','2006-05-25','2006-06-13',15126,11352,25,25),(327,'2006-05-23','2006-05-23','2006-06-03',15127,11357,21,10),(328,'2006-05-24','2006-05-25','2006-06-11',15128,11358,8,14),(329,'2006-05-25','2006-05-25','2006-06-02',15129,11357,23,16),(330,'2006-05-26','2006-05-26','2006-06-17',15130,11352,29,29),(331,'2006-05-27','2006-05-27','2006-05-29',15106,11312,25,26),(332,'2006-05-28','2006-05-29','2006-06-19',15106,11312,26,26),(333,'2006-05-29','2006-05-29','2006-06-12',15119,11318,14,16),(334,'2006-05-30','2006-05-30','2006-06-18',15128,11350,14,14),(335,'2006-05-31','2006-05-31','2006-06-12',15119,11317,16,16),(336,'2006-06-01','2006-06-02','2006-06-04',15129,11314,16,19),(337,'2006-06-02','2006-06-03','2006-06-03',15127,11312,10,11),(338,'2006-06-03','2006-06-03','2006-06-22',15127,11312,11,37),(339,'2006-06-04','2006-06-04','2006-06-20',15129,11319,19,35),(340,'2006-06-05','2006-06-05','2006-06-16',15140,11351,15,11),(342,'2006-06-07','2006-06-08','2006-07-06',15142,11314,22,28),(343,'2006-06-08','2006-06-08','2006-06-13',15143,11311,23,23),(344,'2006-06-09','2006-06-12','2006-06-18',15144,11316,24,24),(346,'2006-06-11','2006-06-12','2006-06-16',15146,11311,26,26),(347,'2006-06-12','2006-06-13','2006-07-13',15147,11312,20,20),(348,'2006-06-13','2006-06-14','2006-07-14',15148,11317,26,26),(349,'2006-06-14','2006-06-14','2006-07-15',15149,11317,27,27),(350,'2006-06-15','2006-06-18','2006-06-23',15150,11314,30,16),(351,'2006-06-16','2006-06-16','2006-06-17',15140,11318,11,12),(352,'2006-06-17','2006-06-17','2006-06-24',15140,11318,12,19),(353,'2006-06-18','2006-06-18','2006-06-26',15123,11311,33,40),(354,'2006-06-19','2006-06-20','2006-06-24',15124,11311,34,34),(355,'2006-06-20','2006-06-20','2006-06-24',15129,11316,35,36),(356,'2006-06-21','2006-06-24','2006-06-29',15129,11314,36,14),(357,'2006-06-22','2006-06-22','2006-06-27',15127,11319,37,11),(358,'2006-06-23','2006-06-24','2006-07-12',15122,11313,38,38),(359,'2006-06-24','2006-06-24','2006-07-15',15140,11317,19,19),(360,'2006-06-25','2006-06-26','2006-07-13',15123,11314,40,10),(361,'2006-06-26','2006-06-26','2006-07-06',15165,11316,1,11),(362,'2006-06-27','2006-06-28','2006-07-08',15166,11313,2,13),(364,'2006-06-29','2006-06-29','2006-08-10',15168,11316,4,35),(365,'2006-06-30','2006-06-30','2006-07-04',15169,11316,5,9),(367,'2006-07-02','2006-07-02','2006-07-13',15161,11316,7,18),(368,'2006-07-03','2006-07-04','2006-07-10',15162,11313,8,12),(369,'2006-07-04','2006-07-04','2006-07-10',15169,11311,9,15),(370,'2006-07-05','2006-07-06','2006-07-26',15142,11317,28,28),(371,'2006-07-06','2006-07-06','2006-07-12',15165,11313,11,12),(372,'2006-07-07','2006-07-10','2006-07-12',15162,11319,12,8),(373,'2006-07-08','2006-07-08','2006-07-12',15166,11314,13,16),(374,'2006-07-09','2006-07-10','2006-07-17',15167,11318,14,14),(375,'2006-07-10','2006-07-10','2006-07-14',15169,11313,15,19),(376,'2006-07-11','2006-07-12','2006-07-18',15166,11319,16,23),(377,'2006-07-12','2006-07-12','2006-07-17',15165,11312,12,17),(378,'2006-07-13','2006-07-13','2006-07-16',15161,11310,18,21),(379,'2006-07-14','2006-07-14','2006-07-22',15169,11319,19,26),(380,'2006-07-15','2006-07-16','2006-07-24',15163,11310,20,29),(381,'2006-07-16','2006-07-16','2006-07-21',15161,11319,21,9),(382,'2006-07-17','2006-07-17','2006-07-21',15165,11312,17,19),(383,'2006-07-18','2006-07-18','2006-07-28',15166,11318,23,12),(384,'2006-07-19','2006-07-22','2006-07-21',15165,11312,19,20),(385,'2006-07-20','2006-07-21','2006-07-23',15165,11312,20,23),(386,'2006-07-21','2006-07-22','2006-08-14',15169,11318,26,36),(387,'2006-07-22','2006-07-22','2006-08-10',15160,11314,27,11),(388,'2006-07-23','2006-07-23','2006-07-26',15165,11312,23,31),(389,'2006-07-24','2006-07-24','2006-08-13',15163,11313,29,29),(390,'2006-07-25','2006-07-28','2006-07-28',15166,11318,12,33),(391,'2006-07-26','2006-07-26','2006-08-15',15165,11313,31,31),(392,'2006-07-27','2006-07-27','2006-08-16',15181,11315,11,31),(393,'2006-07-28','2006-07-28','2006-08-16',15166,11310,33,33),(395,'2006-07-30','2006-07-30','2006-08-18',15168,11310,35,35),(396,'2006-07-31','2006-07-31','2006-08-19',15169,11310,36,36),(397,'2006-08-01','2006-08-01','2006-08-02',15186,11312,11,12),(398,'2006-08-02','2006-08-02','2006-08-23',15186,11312,12,12),(399,'2006-08-03','2006-08-03','2006-08-08',15184,11315,15,15),(400,'2006-08-04','2006-08-05','2006-08-13',15209,11315,16,9),(401,'2006-08-05','2006-08-05','2006-08-13',15201,11410,1,1),(402,'2006-08-06','2006-08-07','2006-08-21',15202,11419,2,14),(403,'2006-08-07','2006-08-07','2006-08-12',15203,11415,3,3),(404,'2006-08-08','2006-08-09','2006-08-19',15204,11410,4,15),(405,'2006-08-09','2006-08-09','2006-09-08',15205,11418,5,34),(407,'2006-08-11','2006-08-11','2006-08-19',15207,11411,23,14),(408,'2006-08-12','2006-08-13','2006-08-23',15208,11416,8,19),(409,'2006-08-13','2006-08-13','2006-08-22',15209,11416,9,9),(410,'2006-08-14','2006-08-14','2006-09-15',15210,11412,29,29),(411,'2006-08-15','2006-08-15','2006-08-21',15200,11419,11,17),(412,'2006-08-16','2006-08-16','2006-09-17',15181,11412,31,31),(414,'2006-08-18','2006-08-19','2006-09-09',15207,11416,14,36),(415,'2006-08-19','2006-08-19','2006-09-06',15204,11419,15,33),(416,'2006-08-20','2006-08-21','2006-08-25',15202,11411,14,14),(417,'2006-08-21','2006-08-21','2006-09-06',15200,11413,17,32),(418,'2006-08-22','2006-08-22','2006-09-10',15199,11414,19,18),(419,'2006-08-23','2006-08-23','2006-08-28',15208,11419,19,13),(420,'2006-08-24','2006-08-25','2006-09-04',15220,11418,20,11),(421,'2006-08-25','2006-08-25','2006-09-14',15221,11416,21,21),(422,'2006-08-26','2006-08-27','2006-09-11',15222,11411,20,20),(423,'2006-08-27','2006-08-27','2006-09-08',15223,11418,23,12),(424,'2006-08-28','2006-08-28','2006-09-26',15224,11415,24,14),(425,'2006-08-29','2006-08-29','2006-09-25',15225,11412,26,26),(426,'2006-08-30','2006-08-30','2006-09-15',15226,11411,24,24),(427,'2006-08-31','2006-08-31','2006-09-16',15227,11411,25,25),(428,'2006-09-01','2006-09-02','2006-09-10',15228,11413,28,28),(429,'2006-09-02','2006-09-02','2006-09-07',15229,11411,24,24),(430,'2006-09-03','2006-09-03','2006-09-12',15230,11416,30,30),(431,'2006-09-04','2006-09-04','2006-09-12',15220,11414,11,19),(432,'2006-09-05','2006-09-06','2006-09-12',15200,11415,32,38),(433,'2006-09-06','2006-09-06','2006-09-14',15204,11418,33,33),(434,'2006-09-07','2006-09-08','2006-09-10',15205,11410,34,37),(435,'2006-09-08','2006-09-08','2006-09-13',15223,11411,12,12),(436,'2006-09-09','2006-09-09','2006-09-17',15207,11418,36,36),(437,'2006-09-10','2006-09-10','2006-09-15',15205,11415,37,37),(438,'2006-09-11','2006-09-12','2006-09-20',15200,11416,38,38),(439,'2006-09-12','2006-09-12','2006-09-20',15220,11414,19,39),(440,'2006-09-13','2006-09-14','2006-09-14',15241,11418,40,1),(441,'2006-09-14','2006-09-14','2006-09-26',15241,11418,1,13),(442,'2006-09-15','2006-09-16','2006-09-28',15242,11415,2,14),(443,'2006-09-16','2006-09-16','2006-09-28',15243,11416,3,15),(444,'2006-09-17','2006-09-18','2006-10-06',15244,11410,4,22),(445,'2006-09-18','2006-09-18','2006-10-10',15245,11412,25,27),(446,'2006-09-19','2006-09-22','2006-09-28',15246,11416,6,6),(447,'2006-09-20','2006-09-20','2006-10-02',15247,11419,7,19),(448,'2006-09-21','2006-09-22','2006-10-12',15248,11412,28,10),(449,'2006-09-22','2006-09-22','2006-10-10',15249,11415,9,17),(450,'2006-09-23','2006-09-26','2006-10-11',15250,11414,12,10),(451,'2006-09-24','2006-09-25','2006-10-15',15225,11417,26,26),(452,'2006-09-25','2006-09-26','2006-10-16',15224,11412,14,14),(453,'2006-09-26','2006-09-26','2006-10-12',15241,11419,13,29),(454,'2006-09-27','2006-09-28','2006-10-10',15242,11419,14,24),(455,'2006-09-28','2006-09-28','2006-10-12',15243,11415,15,13),(456,'2006-09-29','2006-09-29','2006-10-03',15243,11417,13,17),(457,'2006-09-30','2006-09-30','2006-10-08',15249,11416,17,25),(458,'2006-10-01','2006-10-01','2006-10-10',15240,11413,18,18),(459,'2006-10-02','2006-10-02','2006-10-18',15247,11419,19,35),(460,'2006-10-03','2006-10-03','2006-10-04',15243,11411,17,18),(461,'2006-10-04','2006-10-04','2006-10-07',15243,11411,18,20),(462,'2006-10-05','2006-10-06','2006-10-10',15244,11416,22,26),(463,'2006-10-06','2006-10-07','2006-10-16',15243,11411,20,32),(464,'2006-10-07','2006-10-10','2006-10-16',15242,11419,24,30),(465,'2006-10-08','2006-10-08','2006-10-14',15249,11412,25,31),(466,'2006-10-09','2006-10-10','2006-10-14',15244,11415,26,26),(467,'2006-10-10','2006-10-10','2006-10-16',15245,11415,27,33),(468,'2006-10-11','2006-10-12','2006-10-19',15248,11414,10,28),(469,'2006-10-12','2006-10-12','2006-10-24',15241,11416,29,40),(470,'2006-10-13','2006-10-16','2006-10-18',15242,11413,30,16),(471,'2006-10-14','2006-10-14','2006-10-19',15249,11415,31,31),(472,'2006-10-15','2006-10-16','2006-10-23',15243,11410,32,32),(473,'2006-10-16','2006-10-16','2006-10-20',15245,11413,33,37),(474,'2006-10-17','2006-10-18','2006-10-25',15242,11414,16,34),(475,'2006-10-18','2006-10-18','2006-10-22',15247,11413,35,36),(476,'2006-10-19','2006-10-22','2006-10-27',15247,11418,36,36),(477,'2006-10-20','2006-10-20','2006-10-25',15245,11415,37,37),(478,'2006-10-21','2006-10-21','2006-10-22',15261,11411,17,18),(479,'2006-10-22','2006-10-22','2006-10-28',15261,11411,18,24),(480,'2006-10-23','2006-10-24','2006-11-11',15241,11410,40,40),(481,'2006-10-24','2006-10-24','2006-10-26',15280,11410,1,3),(482,'2006-10-25','2006-10-28','2006-10-27',15263,11417,19,21),(483,'2006-10-26','2006-10-26','2006-11-10',15280,11410,3,7),(484,'2006-10-27','2006-10-27','2006-11-08',15263,11417,21,16),(485,'2006-10-28','2006-10-28','2006-11-12',15261,11411,24,25),(486,'2006-10-29','2006-10-29','2006-11-03',15261,11411,25,30),(487,'2006-10-30','2006-10-30','2006-11-12',15280,11418,7,8),(488,'2006-10-31','2006-10-31','2006-11-03',15280,11415,8,10),(489,'2006-11-01','2006-11-01','2006-11-06',15264,11411,25,25),(490,'2006-11-02','2006-11-03','2006-11-05',15280,11418,10,13),(491,'2006-11-03','2006-11-03','2006-11-07',15261,11412,30,31),(492,'2006-11-04','2006-11-07','2006-11-25',15261,11412,31,31),(493,'2006-11-05','2006-11-05','2006-11-09',15280,11415,13,16),(494,'2006-11-06','2006-11-09','2006-11-11',15282,11459,12,18),(495,'2006-11-07','2006-11-08','2006-11-28',15263,11412,16,16),(496,'2006-11-08','2006-11-09','2006-11-29',15280,11413,16,36),(497,'2006-11-09','2006-11-09','2006-12-10',15284,11417,13,13),(498,'2006-11-10','2006-11-10','2006-11-18',15260,11414,19,18),(499,'2006-11-11','2006-11-12','2006-11-19',15259,11414,20,19),(500,'2006-11-12','2006-11-15','2006-12-10',15300,11412,21,18),(501,'2006-11-13','2006-11-13','2006-11-18',15301,11559,21,14),(502,'2006-11-14','2006-11-14','2006-12-15',15302,11552,18,18),(503,'2006-11-15','2006-11-15','2006-11-20',15303,11559,23,8),(504,'2006-11-16','2006-11-19','2006-11-24',15304,11554,24,13),(505,'2006-11-17','2006-11-18','2006-12-18',15305,11557,26,26),(506,'2006-11-18','2006-11-19','2006-11-27',15306,11556,26,26),(507,'2006-11-19','2006-11-19','2006-11-27',15307,11554,27,16),(508,'2006-11-20','2006-11-21','2006-11-28',15308,11550,28,28),(509,'2006-11-21','2006-11-21','2006-11-29',15309,11550,29,29),(510,'2006-11-22','2006-11-25','2006-12-10',15310,11554,30,11),(511,'2006-11-23','2006-11-24','2006-11-26',15297,11557,14,15),(512,'2006-11-24','2006-11-27','2006-11-26',15297,11557,15,16),(513,'2006-11-25','2006-11-26','2006-11-26',15297,11557,16,17),(514,'2006-11-26','2006-11-26','2006-11-27',15297,11558,17,18),(515,'2006-11-27','2006-11-27','2006-12-15',15297,11558,18,18),(516,'2006-11-28','2006-11-28','2006-11-29',15280,11556,36,37),(517,'2006-11-29','2006-11-29','2006-12-01',15280,11550,37,39),(518,'2006-11-30','2006-11-30','2006-12-15',15300,11535,18,18),(519,'2006-12-01','2006-12-01','2006-12-09',15280,11550,39,39),(520,'2006-12-02','2006-12-03','2006-12-09',15327,11551,40,7),(521,'2006-12-03','2006-12-03','2007-01-08',15321,11551,1,18),(522,'2006-12-04','2006-12-05','2006-12-13',15322,11535,20,11),(523,'2006-12-05','2006-12-05','2006-12-19',15323,11558,24,16),(524,'2006-12-06','2006-12-07','2006-12-15',15324,11556,4,13),(525,'2006-12-07','2006-12-07','2006-12-17',15325,11553,5,15),(526,'2006-12-08','2006-12-08','2007-01-12',15326,11559,6,40),(527,'2006-12-09','2006-12-09','2007-01-02',15327,11554,7,31),(528,'2006-12-10','2006-12-11','2006-12-20',15328,11553,8,18),(529,'2006-12-11','2006-12-11','2006-12-21',15329,11554,9,19),(530,'2006-12-12','2006-12-13','2006-12-21',15330,11553,10,10),(531,'2006-12-13','2006-12-13','2006-12-22',15322,11553,11,11),(532,'2006-12-14','2006-12-14','2006-12-16',15317,11558,15,17),(533,'2006-12-15','2006-12-15','2006-12-19',15324,11553,13,17),(534,'2006-12-16','2006-12-16','2007-01-17',15317,11557,17,17),(535,'2006-12-17','2007-01-06','2007-01-10',15325,11550,35,38),(536,'2006-12-18','2006-12-19','2007-01-06',15323,11551,16,34),(537,'2006-12-19','2006-12-19','2007-01-06',15324,11551,17,35),(538,'2006-12-20','2006-12-20','2007-01-10',15328,11550,18,39),(539,'2006-12-21','2006-12-21','2006-12-29',15329,11550,19,19),(540,'2006-12-22','2006-12-23','2007-01-08',15340,11535,20,16),(541,'2006-12-23','2006-12-23','2006-12-28',15341,11551,21,21),(542,'2006-12-24','2006-12-25','2007-01-13',15342,11513,26,26),(543,'2006-12-25','2006-12-25','2007-01-05',15343,11514,23,9),(544,'2006-12-26','2006-12-26','2007-01-14',15344,11518,24,24),(545,'2006-12-27','2006-12-27','2007-01-12',15345,11519,25,11),(546,'2006-12-28','2006-12-28','2007-01-19',15346,11517,29,11),(547,'2006-12-29','2006-12-29','2007-01-14',15347,11519,9,13),(548,'2006-12-30','2006-12-30','2007-01-15',15348,11551,28,28),(549,'2006-12-31','2006-12-31','2007-01-19',15349,11550,29,29),(550,'2007-01-01','2007-01-01','2007-01-09',15350,11550,30,30),(551,'2007-01-02','2007-01-02','2007-01-07',15327,11515,31,31),(552,'2007-01-03','2007-01-06','2007-01-05',15343,11519,9,10),(553,'2007-01-04','2007-01-05','2007-01-18',15343,11519,10,21),(554,'2007-01-05','2007-01-06','2007-01-13',15323,11518,34,34),(556,'2007-01-07','2007-01-08','2007-01-18',15340,11512,16,26),(557,'2007-01-08','2007-01-08','2007-01-17',15321,11513,18,18),(558,'2007-01-09','2007-01-10','2007-01-14',15324,11511,38,38),(559,'2007-01-10','2007-01-10','2007-01-18',15328,11518,39,39),(560,'2007-01-11','2007-01-12','2007-01-16',15326,11511,40,40),(561,'2007-01-12','2007-01-12','2007-02-03',15367,11515,1,22),(562,'2007-01-13','2007-01-13','2007-01-22',15316,11516,23,23),(563,'2007-01-14','2007-01-14','2007-01-24',15369,11511,3,13),(564,'2007-01-15','2007-01-18','2007-01-20',15343,11519,21,11),(565,'2007-01-16','2007-01-16','2007-01-23',15361,11511,5,10),(566,'2007-01-17','2007-01-18','2007-01-18',15340,11517,26,27),(567,'2007-01-18','2007-01-18','2007-01-20',15340,11512,27,29),(568,'2007-01-19','2007-01-19','2007-01-28',15346,11516,11,11),(569,'2007-01-20','2007-01-20','2007-02-10',15340,11512,29,18),(570,'2007-01-21','2007-01-22','2007-02-13',15366,11515,10,12),(571,'2007-01-22','2007-01-23','2007-01-26',15361,11519,10,12),(572,'2007-01-23','2007-01-26','2007-01-27',15361,11514,12,14),(573,'2007-01-24','2007-01-24','2007-02-12',15369,11515,13,20),(574,'2007-01-25','2007-01-26','2007-01-28',15363,11514,14,17),(575,'2007-01-26','2007-01-27','2007-02-02',15361,11519,14,20),(576,'2007-01-27','2007-01-27','2007-02-18',15340,11512,18,18),(577,'2007-01-28','2007-01-28','2007-02-19',15363,11515,17,38),(578,'2007-01-29','2007-01-29','2007-02-05',15364,11515,18,25),(579,'2007-01-30','2007-01-30','2007-02-09',15368,11518,19,10),(580,'2007-01-31','2007-01-31','2007-02-07',15369,11514,20,9),(581,'2007-02-01','2007-02-02','2007-02-04',15361,11517,20,22),(582,'2007-02-02','2007-02-03','2007-02-07',15367,11511,22,22),(583,'2007-02-03','2007-02-04','2007-02-04',15361,11517,22,23),(584,'2007-02-04','2007-02-04','2007-02-06',15361,11510,23,25),(585,'2007-02-05','2007-02-05','2007-02-14',15364,11513,25,25),(586,'2007-02-06','2007-02-06','2007-02-10',15361,11512,25,28),(587,'2007-02-07','2007-02-07','2007-02-11',15369,11513,9,31),(588,'2007-02-08','2007-02-09','2007-02-17',15368,11516,10,10),(589,'2007-02-09','2007-02-10','2007-02-12',15361,11512,28,31),(590,'2007-02-10','2007-02-13','2007-02-19',15366,11513,12,12),(591,'2007-02-11','2007-02-11','2007-02-15',15369,11514,31,34),(592,'2007-02-12','2007-02-12','2007-02-13',15361,11517,31,33),(593,'2007-02-13','2007-02-13','2007-02-21',15361,11518,33,33),(594,'2007-02-14','2007-02-15','2007-02-19',15369,11515,34,34),(595,'2007-02-15','2007-02-15','2007-02-20',15360,11511,35,35),(596,'2007-02-16','2007-02-16','2007-03-17',15362,11512,17,17),(597,'2007-02-17','2007-02-17','2007-02-25',15365,11514,37,37),(598,'2007-02-18','2007-02-19','2007-02-23',15363,11511,38,38),(599,'2007-02-19','2007-02-19','2007-02-28',15357,11513,21,21),(600,'2007-02-20','2007-02-21','2007-02-28',15400,11514,40,40);
/*!40000 ALTER TABLE `vroom_order` ENABLE KEYS */;
UNLOCK TABLES;

--
-- Dumping data for table `vroom_role`
--

LOCK TABLES `vroom_role` WRITE;
/*!40000 ALTER TABLE `vroom_role` DISABLE KEYS */;
INSERT INTO `vroom_role` VALUES (1,'CUSTOMER'),(2,'GENERAL_STAFF');
/*!40000 ALTER TABLE `vroom_role` ENABLE KEYS */;
UNLOCK TABLES;

--
-- Dumping data for table `vroom_store`
--

LOCK TABLES `vroom_store` WRITE;
/*!40000 ALTER TABLE `vroom_store` DISABLE KEYS */;
INSERT INTO `vroom_store` VALUES (1,'Alexandria_stroe','3761 N. 14th St','1 (11) 543 535-0162','Alexandria                    ','New South Wales'),(2,'Coffs Harbour_store','2243 W St.','1 (11) 543 535-0110','Coffs Harbour                 ','New South Wales'),(3,'Darlinghurst_store','5844 Linden Land','1 (11) 543 535-0184','Darlinghurst                  ','New South Wales'),(4,'Goulburn_store','1825 Village Pl.','1 (11) 543 535-0162','Goulburn                      ','New South Wales'),(5,'Lane Cove_store','7553 Harness Circle','1 (11) 543 535-0131','Lane Cove                     ','New South Wales'),(6,'Lavender Bay_store','7305 Humphrey Drive','1 (11) 543 535-0151','Lavender Bay                  ','New South Wales'),(7,'Malabar_store','2612 Berry Dr','1 (11) 543 535-0184','Malabar                       ','New South Wales'),(8,'Matraville_store','942 Brook Street','1 (11) 543 535-0126','Matraville                    ','New South Wales'),(9,'Milsons Point_store','624 Peabody Road','1 (11) 543 535-0164','Milsons Point                 ','New South Wales'),(10,'Newcastle_store','3839 Northgate Road','1 (11) 543 535-0110','Newcastle                     ','New South Wales'),(11,'North Ryde_store','7800 Corrinne Court','1 (11) 543 535-0169','North Ryde                    ','New South Wales'),(12,'North Sydney_store','1224 Shoenic','1 (11) 543 535-0117','North Sydney                  ','New South Wales'),(13,'Port Macquarie_store','4785 Scott Street','717-535-0164','Port Macquarie                ','New South Wales'),(14,'Rhodes_store','7902 Hudson Ave.','817-535-0185','Rhodes                        ','New South Wales'),(15,'Silverwater_store','9011 Tank Drive','431-535-0156','Silverwater                   ','New South Wales'),(16,'Springwood_store','244 Willow Pass Road','208-535-0142','Springwood                    ','New South Wales'),(17,'St. Leonards_store','9666 Northridge Ct.','135-535-0171','St. Leonards                  ','New South Wales'),(18,'Sydney_store','7330 Saddlehill Lane','1 (11) 543 535-0195','Sydney                        ','New South Wales'),(19,'Wollongong_store','244 Rivewview','1 (11) 543 535-0137','Wollongong                    ','New South Wales'),(20,'Brisbane_store','7832 Landing Dr','262-535-0112','Brisbane                      ','Queensland'),(21,'Caloundra_store','7156 Rose Dr.','550-535-0163','Caloundra                     ','Queensland'),(22,'East Brisbane_store','8148 W. Lake Dr.','622-535-0158','East Brisbane                 ','Queensland'),(23,'Gold Coast_store','1769 Nicholas Drive','589-535-0185','Gold Coast                    ','Queensland'),(24,'Hawthorne_store','4499 Valley Crest','452-535-0188','Hawthorne                     ','Queensland'),(25,'Hervey Bay_store','8734 Oxford Place','746-535-0186','Hervey Bay                    ','Queensland'),(26,'Rockhampton_store','2596 Franklin Canyon Road','1 (11) 543 535-0178','Rockhampton                   ','Queensland'),(27,'Townsville_store','8211 Leeds Ct.','1 (11) 543 535-0131','Townsville                    ','Queensland'),(28,'Cloverdale_store','213 Valencia Place','1 (11) 543 535-0184','Cloverdale                    ','South Australia'),(29,'Findon_store','9111 Rose Ann Ave','1 (11) 543 535-0116','Findon                        ','South Australia'),(30,'Perth_store','6385 Mark Twain','1 (11) 543 535-0146','Perth                         ','South Australia'),(31,'Hobart_store','636 Vine Hill Way','1 (11) 543 535-0182','Hobart                        ','Tasmania'),(32,'Bendigo_store','6465 Detroit Ave.','1 (11) 543 535-0195','Bendigo                       ','Victoria'),(33,'Cranbourne_store','626 Bentley Street','1 (11) 543 535-0169','Cranbourne                    ','Victoria'),(34,'Geelong_store','5927 Rainbow Dr','1 (11) 543 535-0137','Geelong                       ','Victoria'),(35,'Melbourne_store','5167 Condor Place','1 (11) 543 535-0136','Melbourne                     ','Victoria'),(36,'Melton_store','1873 Mt. Whitney Dr','1 (11) 543 535-0177','Melton                        ','Victoria'),(37,'Seaford_store','3981 Augustine Drive','115-535-0183','Seaford                       ','Victoria'),(38,'South Melbourne_store','8915 Woodside Way','229-535-0112','South Melbourne               ','Victoria'),(39,'Sunbury_store','8357 Sandy Cove Lane','1 (11) 543 535-0114','Sunbury                       ','Victoria'),(40,'Warrnambool_store','9353 Creekside Dr.','1 (11) 543 535-0183','Warrnambool                   ','Victoria');
/*!40000 ALTER TABLE `vroom_store` ENABLE KEYS */;
UNLOCK TABLES;

--
-- Dumping data for table `vroom_user`
--

LOCK TABLES `vroom_user` WRITE;
/*!40000 ALTER TABLE `vroom_user` DISABLE KEYS */;
INSERT INTO `vroom_user` VALUES (10001,'GenericStaff',NULL,NULL,NULL,NULL,NULL,'bcd8c2fa0bc820551fe755d9aa08389bb7e5e6c6d283cf315a9e5fe86fb327d0','d167d29ea55b450892af6c4854243e3e',2),(11010,'Jacquelyn S','1 (11) 543 535-016*','7800 Corrinne Court','1968-02-16','Labour','M','f93e600ddedae4f84b068e0cb4fc83ff239738a7cf3214d77453acce5e2187ab','a33e6527e6a44fafbd31328f90d3d1fe',1),(11011,'Curtis L','1 (11) 543 535-011*','1224 Shoenic','1967-11-14','Labour','M','4e882037a32ebeca0fb2f6dad37b171dc86df0caa9af0626eafd4497113ee132','b0d632c764c6433fb67a0fcc4642aeea',1),(11012,'Lauren W','717-535-016*','4785 Scott Street','1972-01-28','Labour','F','663fd53f2cbfd5fd6b3c94756449db178dba9bed759e70b86e18bfcdbca92a09','8cba72c34f0249ab82f367927a247d3d',1),(11013,'Ian J','817-535-018*','7902 Hudson Ave.','1972-08-16','Labour','M','1a812376fb651cf7ae99cb0274588cccbe59bada40bf88b9417d5aa8e935a208','81d8ec2f357544418b5330eb05996c8c',1),(11014,'Sydney B','431-535-015*','9011 Tank Drive','1972-05-19','Labour','M','19b0515a336f2cf08c1afb5c24c09f05c9c99837376033065eacebab41f06374','fffc157355e04d25a09cd3fea2a7acc8',1),(11015,'Chloe Y','208-535-014*','244 Willow Pass Road','1983-02-10','Labour','F','0d2e69c6b8b1731219bbd9d70dddf1514dd646cc8f8951f3e16d86a2ae1d52fb','faa911c9c9784fe8925bfcbed2ee8da6',1),(11016,'Wyatt H','135-535-017*','9666 Northridge Ct.','1983-04-18','Labour','M','e03cf53b9b89ea689fd64054ae09845ec2f375646915d7a2a523c6cec1b187b1','8a41425df4aa43668de8ac19eb13bc41',1),(11017,'Shannon W','1 (11) 543 535-019*','7330 Saddlehill Lane','1948-06-16','Labour','M','bfe7045275a21003a59d30b4d6d59164eaa9249d18243d50dc30da9832d720f8','d21ee759bbc64f3b95b614eb4639b62a',1),(11018,'Clarence R','1 (11) 543 535-013*','244 Rivewview','1948-10-19','Labour','F','d655325e0403fd4eeb85c55064c91a725913a7110e3d8816b98dd1b4e76f2fe6','d052cb9f2f234c9fab4efd8902ea4c57',1),(11019,'Luke L','262-535-011*','7832 Landing Dr','1982-03-10','Labour','M','0a0c7d55f02966f1f181c9f1b68d85d656d89b16cc840c24f9d3752273352107','a08fcee9c1bb45ed82dd2fe0bae8c417',1),(11050,'Alan Z','1 (11) 543 535-013*','2741 Gainborough Dr.','1955-09-10','Labour','F','925dd599a33537c4e693b108561ab8122d9b21f584e4631888d65fc527683404','dec25cee35494f2691f6f082f6f906b8',1),(11051,'Daniel J','1 (11) 543 535-015*','8085 Sunnyvale Avenue','1955-08-14','Labour','F','e8b1a9d947d5d670eb23f762779094021677d0f6a3aa4f7d812a862be076f1bd','cd83f17061b348f1a90497d7e5bb1df6',1),(11052,'Heidi L','1 (11) 543 535-016*','2514 Via Cordona','1955-08-10','Labour','F','6bbdb226dc4393c04ccfacc6c2c6fd668a55b8de8e9c27c13bf2c6318876d4a0','cbb311f2ce914206b3f89e7e0aa0ded0',1),(11053,'Ana P','859-535-011*','1660 Stonyhill Circle','1984-08-10','Labour','M','fe96fc12ec2dbc2b4e065ea265f7c0e2fc013ed2a8363bab52f490ed60fe0acc','5a5f35d08c3f476087292339469d3d29',1),(11054,'Deanna M','1 (11) 543 535-019*','5825 B Way','1956-03-20','Labour','M','dc2d353f52b79b57cb940bf7f6c7d7d04411918e80ed98864bc43e3144f802f3','5364e0f6b7c74ff7b98a511afb47006b',1),(11055,'Gilbert R','1 (11) 543 535-012*','8811 The Trees Dr.','1956-03-15','Labour','F','df4230b342e76b346795778e6c4ef8969347532d54bd072989d616db4dcd7cb7','c5de70db0e9b4488903a333e69d87787',1),(11056,'Michele N','1 (11) 543 535-017*','5464 Janin Pl.','1957-04-13','Labour','M','ea6e125d116154c08e82960133ac22f00470c46e1c063b0915a90d7edbb1a123','6847a70774cc40e882f9e6510cdbc92d',1),(11057,'Carl A','1 (11) 543 535-018*','6930 Lake Nadine Place','1957-10-21','Labour','F','83dd71adeae0fd9e3bed3e2fa9949a942f12fee9e14aa9feeacf356402272e51','88c3dcdc48564ca283f54ecb7395fe7d',1),(11058,'Marc D','1 (11) 543 535-014*','6645 Sinaloa','1958-04-10','Labour','F','60ef013b3016cb2685634e7c6d4db31c2041491f65f10986c0fee85f015502c9','e15317cb3f5c4747a4cf42764993ef9c',1),(11059,'Ashlee A','1 (11) 543 535-011*','8255 Highland Road','1958-04-13','Labour','F','0f5c5c867a73fc43309c5c4cdd5ec66d7850b96412b15cde0e3a05c2a657d941','9451030037ed4e3bb040dcd84fd36334',1),(11111,'Meredith G','1 (11) 543 535-017*','7610 Northridge Ct.','1966-02-13','Labour','M','8f10cabb7f4bbfad13a4e749f995f3f482b6684bab8dfd3a88102cda62f08424','395d6685937d4276bcf82846ba7da6b2',1),(11112,'Crystal W','1 (11) 543 535-013*','2773 Kirkwood Dr','1966-09-19','Labour','F','980899ea451fa8dfcd4d2f4f889da4e9103849f2e73d8521d50f33abfec27a5f','f0a0df68529e4fd291b34a96ab3901f6',1),(11113,'Micheal B','1 (11) 543 535-013*','596 Marfargoa Drive','1966-02-13','Labour','M','907c003fc1008ff6428edb6b01193813b287b0dcc15bdab99f3f58b4a0d1e721','8a2d9afe9f2a48c0af5b2b90069457cc',1),(11114,'Leslie M','1 (11) 543 535-011*','7941 Cristobal','1966-05-18','Labour','M','ad277abe5baca576ecabab4cac179dd58c5e8ee633f09bc8080cab3a95aec02b','1966e783eb9e4181af64842444ab8faf',1),(11115,'Alvin C','1 (11) 543 535-019*','7759 Azalea Avenue','1966-02-21','Labour','M','224bce0af81c436a5db420d2c590f93fd3108570c735686a6d8147e61be82836','64ffe79026364209a93cbf99160628e5',1),(11116,'Clinton C','1 (11) 543 535-018*','7943 Cunha Ct.','1966-10-10','Labour','M','33912c41c28a9e20dfcd1ef318836c11139243671e48f8541b929709e37bacb1','262fa16642e046f3901a4fdf70c8bf8b',1),(11117,'April D','1 (11) 543 535-018*','485 Ash Lane','1965-02-13','Labour','F','38e785b273a9b471733dbe49922917fe4729d0d4cf79dcc355e39c033d748363','3b213dee398c42969e75f04c4b241f1e',1),(11119,'Evan J','1 (11) 543 535-018*','4157 Sierra Ridge','1939-04-20','Retiree','F','d16e3d68217f0b2acd5762f691b6d4878cb01aad7b9bacee0657ba4fd7a7e655','f6ccf1797f5f4abfb46c06b7e8e7326c',1),(11150,'Russell S','1 (11) 543 535-019*','4755 Easley Drive','1945-03-25','Retiree','F','b8f855870d237c87a1510b732fc9e0b2e456183cb07d2b78d5f6f79e6707128a','d48b50df4580480c847904913d783398',1),(11151,'Melinda G','1 (11) 543 535-011*','805 Rainier Dr.','1946-02-15','Labour','F','8d5d64226c9051904df5c45076d86c581dd6aac752795b7fee0c4f760f7ee29c','f0e741ea00eb44fbad7eef1a6dbb261a',1),(11152,'James W','355-535-015*','6827 Seagull Court','1980-01-20','Labour','F','f3430e589285f70cf03919e0c448c756a3c7ce554e266c001084cd1c98b8fa14','6ed8b87584aa49b28fe1ddb7edb7c535',1),(11153,'Angela J','847-535-011*','8877 Weatherly Drive','1980-06-13','Labour','F','6e66ab25a44117b9e47c2eb2392b8d964f5e06531e38dda0054ae77f4aa94340','84bfd16cdc704310884a3b8c214ec765',1),(11154,'Megan W','918-535-018*','6898 Holiday Hills','1980-08-13','Labour','F','721d7679baa19119eeedd62183f8f50b9502fc18fcc69552b06b028b12a3ffdc','701dabc890ad443ead8c3e04a8bcefeb',1),(11155,'Hunter R','891-535-012*','8356 Mori Court','1980-01-16','Labour','F','9c177605dadbdd9a0df4b81db9682b0c9081154edf588a0da429eba93df612d2','c8474cf995664d0eaf3d22d9f786fbbb',1),(11156,'Maria R','158-535-019*','9452 Mariposa Ct.','1980-02-10','Labour','M','b60064176c08986c8559de9500baf423bd81eccf21b50fe75b92cb2b9d79a660','08905310c10d413087518c9c874f9688',1),(11157,'Hannah L','974-535-017*','1832 Preston Ct.','1979-06-23','Labour','M','ba9a9f8d39b294a8c71d18ad8e5a300d695aeb99c536ff708fc7b0b1ac4ad7ce','bc2b6e70a9d4484c8b04b8c0e4215eff',1),(11158,'Jason W','694-535-017*','6771 Bundros Court','1979-10-18','Labour','F','feebc948182364f59b3f5baad5040a712be330c1f935cb8b95f00a6ed5f57702','5368b0832ece4343827532b789296d98',1),(11159,'Brianna H','319-535-018*','6793 Bonifacio St.','1979-09-20','Labour','F','a9bd51ddc8c9f6fdd3a1adbfe8f816f829622da273f559d58c2caa06f68fe0b8','f48c6b69ffb7422084f84d1c91fc3895',1),(11210,'Edward W','229-535-011*','1039 Adelaide St.','1952-06-18','Researcher','M','e4931f389192c42bff9b7d130da1e58d3d6ede84cb46e521e7b8b630162a2b8f','dcda6409b8764c0f8f1d1749fcba22f3',1),(11213,'Stephanie M','293-535-015*','5514 Grant Street','1953-05-24','Researcher','M','633aa3b44fefff637851413f7beb206e80c9721fb0d40171bc7cb9c751feb946','a1fa526edc1c415095ab79b76b264ba7',1),(11214,'Charles M','389-535-011*','2719 Little Dr','1953-11-10','Researcher','F','e6f71e793cad8583fcea196dd1249aa7f437ad57d3449f7139f302bf10ec433f','7379775225e44040ba914975adff018c',1),(11215,'Ana P','446-535-013*','3114 Arlington Way','1954-06-13','Researcher','M','36cd251eecb9c5f23985019bf0c1c824d18ef9033caeb38d352850b3741121ed','60049608db694e339e38e76a37417532',1),(11216,'Jasmine T','939-535-013*','8328 San Francisco','1954-05-10','Researcher','F','71f42f184bfdbc6ec8d040d9effa8ff4bb6f7b5b2ca3cd3778c5dc04e368f34a','4c81d6b995b144e0bbe5c9a118f3763d',1),(11217,'Natalie A','300-535-015*','6592 Bent Tree Lane','1954-02-23','Researcher','F','142338dc872d8e2d118fb49e2d9876c09cabc069465c29e5d7cfcf9126e50f51','8c7f1925117d4eb3adb552651d093734',1),(11218,'Olivia B','414-535-014*','3964 Stony Hill Circle','1954-09-23','Researcher','M','112b6c73ee8f25510bab3e97e8a8a2b54d18b2ac34f5b9d50b9c6f4fabd12e9e','64080456243f4da78adf8e3a7dc3fedd',1),(11219,'Charles C','755-535-011*','6871 Bel Air Dr.','1954-12-11','Researcher','F','219bb199b89f968c0462fd06bb1c1923cc6870496d0134908ba2b0199b849bc7','1c4318bb1ff147448337e70b16a23f0b',1),(11250,'Shannon L','1 (11) 543 535-011*','4185 Keywood Ct.','1959-03-21','Manager','F','86d7dfee7a91fa9aa8a7996657201d263f8b4c8a51779ecd5e507515998ba399','7ed6a8523f364435b2eeb680fce25bfd',1),(11251,'Xavier L','243-535-011*','9245 Dantley Way','1936-07-14','Retiree','M','4057317e8c0b7ba892922f9dbdf9df9da58872ae51e738ac455bf4c2ba3471b1','3ae71ad269a94912949f7e9e6f373219',1),(11252,'Nicholas T','377-535-014*','504 O St.','1936-06-10','Retiree','M','cb02b7fcda72ac01335da1f57da2cbde6ce38082567208ad13c9c53acf841212','9d932e8ed813414b840b267bcdf94f87',1),(11253,'Jos H','712-535-013*','5703 Donald Dr.','1937-02-18','Retiree','M','412a18b1202556d69912b8b3a7ea01277b61ba268915c451ebc67503e9c762d6','b4500856f0ea47bfa09e4152b68b3cc9',1),(11254,'Johnathan V','494-535-016*','9430 Versailles Pl','1937-03-13','Retiree','M','f317c484d5a22dd956cb94f6e9ca170d7fc3d7f5f8e59635e4d6410138317b79','c70555e3a5254acc96191d31657c8da6',1),(11255,'Colin L','599-535-013*','6083 San Jose','1937-04-14','Retiree','F','747d8c2f1173ea77aa49c2caea9b20c3d2660cb23efb1a846acada8133477a54','0ccd43de7d6044e5a8fd2e7fc6bbbe08',1),(11256,'Katelyn H','249-535-011*','7496 Deerfield Dr.','1937-09-10','Retiree','M','811aef33c5ddcb29cb6284021ab640c1a98fd9e3fea231aaadec94df805ba59f','85e3f06a064f4d8c9bb2997b04d2b638',1),(11257,'Jacqueline P','796-535-011*','4076 Northwood Dr','1937-01-16','Retiree','F','d3939ec398f3138452248ae22863e6c1e07574cbb7afdae079cf428c4f3085cb','057df9a902a9453d9f2e419d9173212d',1),(11258,'Xavier H','559-535-014*','2707 Virgil Street','1937-06-18','Retiree','F','5e5760c065f5d9a7b15868e7d44bd60ab3c92ea6cba54bee93662d442f3b12a1','e1c68bcb74274691aa3baa6d4d7851a2',1),(11259,'Victoria S','230-535-013*','3623 Barquentine Court','1969-03-10','Manager','M','520fca7831e0fc2fe645641adc38d0bb17c6d7decf4ca3a8c041881112ac7d07','29ecde47582b4d95aed00bf653858625',1),(11310,'Erin S','233-535-016*','7541 Black Point Pl','1957-07-19','Manager','M','4a1a3cb27f90bda7d6d6d40e0d3ecc6ba7fe3a48abd849edc8ef0136670f7996','07c8cf6d09e541a69dcb137a82984028',1),(11311,'Gabrielle L','783-535-017*','8619 Parkside Dr.','1957-08-14','Manager','F','ce8cf575b97b97b75073387f498db104770af386b12f05f139c070d366a6b9ec','65820b8fce594582818a8a355a53ef05',1),(11312,'Sara R','296-535-017*','7375 Kipling Court','1957-04-13','Manager','M','a987b4f4d6ae4968435e13cf877cb0eda5c93ec5b3ed6afa3ad208b8623370dd','39c0ada73457461ba4f7af55c30d6e81',1),(11313,'Trevor J','120-535-012*','4697 Yosemite Dr.','1957-02-10','Manager','F','31c8c959530772ac547e2e825f6e7a643ccc81bf59eb9c153a7a572f0f5fa737','4a6f6ade30954b32995f1482542758d6',1),(11314,'Mya F','522-535-014*','8439 Rio Grande Drive','1957-12-13','Manager','F','ecb6afebdc412b3f56090e67bfa34278d4e6262492eda8ca9e61e15bd31fac99','9b740b9cc08244d5a4d01ae0db43ca6b',1),(11315,'Hailey W','767-535-015*','6321 Maya','1957-10-13','Manager','F','9a199a29cb060b2737029dc48aa202ba6fdba1c7a562bd386673b272b3fc3469','aa0f4dba008c451bb571f5cf0edd120b',1),(11316,'Luke A','786-535-013*','419 Deermeadow Way','1957-11-20','Manager','F','9e20ff417f3b050c335508d693118c2b61d3a5c9b033d7c121091e247bd95fe7','15c86be50d784b639a4533bc26a19341',1),(11317,'Victoria R','663-535-019*','9268 Keller Ridge','1956-09-20','Manager','M','7c86d1a1e0cedba74ffc5ed7f9a00da63c028937484c016ab689924e638428a7','7adebba8be504593ba395c3458dcc378',1),(11318,'Jessica W','702-535-018*','1652 Willcrest Circle','1956-10-16','Manager','M','f3b9437be659f2c29331c353b9b140e4379a86b2bec13a5730f4fdadffa1ed81','05b810a0bc714e6fa6a74c32676986dd',1),(11319,'Jade B','819-535-016*','8119 Northridge Ct','1941-04-10','Retiree','F','c374d09b5607e52eaf555fbc2e6d3a3dcab27f1280b8bba6bfe5a14e5bd5411d','d5729752ca3748749b796d636b08e1f8',1),(11350,'Cara Z','1 (11) 543 535-011*','7280 Greendell Pl','1941-01-24','Retiree','M','3e87dd6f54b42b53fba8dae3f6be3e30929117f4f7d13254334765af1794d258','7eaa675bafae44b3b7c7794c91a2317f',1),(11351,'Anne R','1 (11) 543 535-014*','7113 Eastgate Ave.','1943-04-16','Retiree','M','1b7c533871a8463a723dcd9bbc5be5174704d2bf8ffb3a4fa4f3418727b979dc','a3dfb487c70f418abeb94fb82c2c7cad',1),(11352,'Raymond R','1 (11) 543 535-013*','24, impasse Ste-Madeleine','1944-03-10','Retiree','F','353c0a8b82288983dbd767241b124fef58f199e177e15fba17a8a67d689e66a9','ffaa82f75fd0457d8c3da3527837ea34',1),(11353,'Carrie O','1 (11) 543 535-011*','1883 Cowell Rd.','1945-06-23','Retiree','M','694c7cf2143c741b00adef53a069fb8c9d4f053bd2b8876f63d3058624825398','9de43b5792964a21b8accecea3d07488',1),(11354,'Deanna S','1 (11) 543 535-014*','Dunckerstr 22525','1946-02-13','Manager','M','e5d8ccf4c014e4f289b9c60f023bb24cda6d1656cb8b3978271bb14ce71da685','9b2c6da066544950971596af66620c95',1),(11355,'Roberto G','1 (11) 543 535-012*','3545 Chickpea Ct.','1946-12-18','Manager','M','f771a459910849a3d314d652ee78dcfbd654f3efae7068cda3d148d171161b66','fd61659d14fb414cacb66a1cab1edbe9',1),(11356,'Terrence C','1 (11) 543 535-018*','6613 Thornhill Place','1984-05-10','Manager','F','55b76fd16bfc2b3f2454d6f7b4bac16f2f8b20ac407c2c553708230092a781cf','81fa175805fe4ddf83da8f682cdc2e06',1),(11357,'Ramon Y','1 (11) 543 535-014*','3245 Vista Oak Dr.','1983-03-13','Manager','M','2117bdf683249ebd42740231a2ada41ec07b1eccd31e9540a3bad59a9261188e','0988a9881acc472d8afac48f282fa32d',1),(11358,'Cynthia M','1 (11) 543 535-018*','6757 Pamplona Ct.','1982-11-23','Manager','F','e6a834eebc1d73632f307a69b3a471c811e46607ed13c09e90d6be457804b3b2','5d8f424ad1884353bbb5fa2928de909a',1),(11359,'Jarrod P','1 (11) 543 535-015*','7657 H St.','1982-09-14','Manager','M','ea2f070780202b250fca77bec76b4ac8c7c82003d442a9220a180bcd6113b244','eec52a7d88894bedb46ca28b05a8580e',1),(11410,'Maurice G','1 (11) 543 535-017*','15, avenue de la Gare','1972-08-15','Manager','M','1b6d5061d05afe5b081d8f55e7520aed1c05c6e5ad682419477800d932ab303c','db3d30a32c634895bc6bbc99a867fa80',1),(11411,'Devin R','1 (11) 543 535-017*','Postenweg 2428','1958-02-21','Manager','M','7651b571d55d0df87bc165aa1508cff2c230b4ed4d264371440e6fb1e60a6da6','97b93c2f1d504d07ab9b41ff5a6fd3d1',1),(11412,'Sydney B','1 (11) 543 535-015*','Postfach 99 92 92','1958-04-19','Manager','M','c5a18d9e49cc2ff43336aed7f82c938b7c7dadbc9cbbf011a2eeac1e928d5903','004923bf160342498ce901b64d63502e',1),(11413,'Megan S','1 (11) 543 535-011*','8192 Seagull Court','1958-04-25','Manager','F','f576fd5c748298cc8a732f0f81b33d1805d740fd704db00a56abe0ae03847a01','141204366dcf4ad69e42a42ced954d4e',1),(11414,'Ian R','1 (11) 543 535-011*','726 W. Buchanan Rd.','1958-03-28','Manager','M','7e22892f98185244ea7f5431279c3a5b950decd4edbd7350105353a7781251f0','bda3e1e823384c5f9c3aa432dfc15eb8',1),(11415,'Randy S','1 (11) 543 535-014*','Ro?str 5538','1948-06-15','Manager','M','2e78ceab69505c8c6b8af9d4e60f37578a75b0075024aa140b501566fc5e04bc','9dd31b348d9649f78a532aa5be431272',1),(11416,'Katrina B','1 (11) 543 535-015*','8205, rue Malar','1949-03-29','Manager','F','f502c0ce1070ea01468e0d0edb3e99dc774da08e601c39c3a5a042258dda48c1','d1c7d0a3631c492e8ccb21ad96fef327',1),(11417,'Lacey Z','1 (11) 543 535-017*','4, rue de Linois','1949-02-16','Manager','F','c765fd2cabdb24ad592286b86757ba33b5da62891043e145d4f54ab2d15a07fe','cd1dff890a3641f6ada0bc1b2fbc3a97',1),(11418,'Rafael H','1 (11) 543 535-015*','Zeiter Weg 7765','1949-02-19','Manager','M','0ade23d25bb62975fdb8833806a072953e0acc2b0f7f3e2c6c04ab56a4a19a62','6ca09b3eba6e41988e4789f903ff4e93',1),(11419,'Kyle S','1 (11) 543 535-017*','9381 Alpine Rd.','1949-02-28','Manager','M','17bbfab685fd88677fc869179ee48fb5eb1310e642e7d7a4ca18e8c6acfa1ef8','2af1595cbb8d4f8ba1fe6f1a85bd8b5b',1),(11459,'Tasha D','1 (11) 543 535-017*','9627 Kendall Rd','1976-10-23','Nurse','M','33d52b2dc2053f542cf67ae03aa2fea862999381583054bfba4aee4802f95938','e4c678be409e4bc69f332a12f1792905',1),(11510,'Seth R','199-535-014*','5989 Concord Ave','1957-07-23','Nurse','M','815e3f602a8e721025bbe1750e10efd5641032be1eb4d53ff55b92195381be7d','6c87bac345cf4068be8294ad8f484090',1),(11511,'Caleb P','786-535-013*','2324 Cherry Street','1957-06-24','Nurse','F','c0857210968bb984273947139e2e498eee9befe4680658636cdd6669fff6acc2','26b7e1d280d842699e55b95d168e27c8',1),(11512,'Natalie C','178-535-014*','3481 Broadmoor Drive','1958-08-23','Nurse','M','d0ab2715a2e87b5d57780ffc1308d8f8b180e75fabf69bc38e7903176d0c174c','7e0b48ae10ef46a6b62c6231bc3d3e82',1),(11513,'Alyssa H','805-535-018*','5780 Conifer Terrace','1958-09-10','Nurse','M','7f6e26a425f5d6d8d86f89169fd1007d38b49ad2d19e883387ce4a4abc2b53b3','2255025985df48c39c6ca111b5b4f319',1),(11514,'Dalton D','994-535-015*','8033 Danesta Dr.','1958-04-10','Nurse','F','cc5a81724d3ff3f961259a88f71f5deeecf34a7b73e256bf493fc1af4d92853e','84487ca4f6824f9fb330414e9a3f19b1',1),(11515,'Shannon H','458-535-011*','4679 Duke Way','1958-02-15','Nurse','F','fc9dcab4c67687472e9eb1cbb7af4b1bf6f7b3a623f08287431ab651f4a5a9de','f913213e8f30473494c3a6a3a1cf5500',1),(11516,'Mya G','211-535-011*','8826 Fine Drive','1958-10-13','Nurse','F','137643dce15cdc4bf49dbc656edee7307d32f9e62ebc2c4c4921f4566dd216c5','ff77a7b548774610b92b13de18906cb2',1),(11517,'Katherine B','802-535-013*','8761 Dancing Court','1958-06-10','Nurse','F','c3656d74795d7adcabdf386b7521fa9b53348c397081bed3cf0c556488953690','8add776c1c904e5d99d50cb729b582ce',1),(11518,'Edward W','446-535-017*','2747 Carmel Dr.','1959-05-20','Nurse','F','8df7b04944a958015422ff04f12551f71b01f494ddb7459f332c4ae1b9640f62','75df31cf740142d38c841b018e30514b',1),(11519,'Jerome N','934-535-019*','9537 Ridgewood Drive','1959-03-20','Nurse','M','f85c7f2a182f83060a886542a105306327da27d06fb3db753171d8437641ad66','056f770bfb634e1398376a1eaa977327',1),(11535,'Alexandria H','1 (11) 543 535-018*','11, rue de la Cavalerie','1930-07-18','Retiree','M','0b454c10d4e17a541bf31c65c5661d9c46270f486a7ab1c2696e839235fa0d0f','faf780ac06b8450ba6ff03be9f52a099',1),(11550,'Deb T','1 (11) 543 535-012*','7553 Harness Circle','1972-08-18','Nurse','M','cb7f3c3ccdb3ee217d882282ea27dda12deec687904f5c8c9300ec9def36a021','24d8893a22704efab5d631774ab854fc',1),(11551,'Shannon A','1 (11) 543 535-015*','268, avenue de l?Europe','1971-05-15','Nurse','F','9c13d19173adadcd464840c1a6c51a887358e6cdf4eaa847e9f413cbdacf16da','49a716c68a5543f6999b80140cb3ec08',1),(11552,'Eddie R','1 (11) 543 535-015*','Heiderplatz 662','1971-05-10','Nurse','M','afbfd51926905458d054406e562c1f73aa15faf8e6450882444f7f6bdc203c95','5eb8a7587f964316b4137f33cfbdec4c',1),(11553,'Sharon L','1 (11) 543 535-011*','6804 Coldwater Drive','1971-09-19','Nurse','F','390d3aada7a0056b82574d658158e8984c42c40a0bcbb909d3e74bc72c6a30fa','0b39d9649b4c41109357c48dc7a6c84e',1),(11554,'Sydney S','1 (11) 543 535-019*','88, avenue de l? Union Centrale','1930-09-18','Retiree','F','9154631d01b19d231cd70226d26c9c241c8f95cbcec96b2977748c83a3f28af6','fd8179f363154836bbafc4dcc2783425',1),(11556,'Lucas E','1 (11) 543 535-015*','3663 A St.','1971-05-24','Nurse','M','045ec830c19f4ee1626ea1977848d8965534995754edb299d9256271101eac09','d2b708f4f822418cb08d90180e9fd908',1),(11557,'Felicia R','1 (11) 543 535-019*','9557 Steven Circle','1971-01-25','Nurse','M','42edf2d82c8de1ebc2349b952fc0e96600b557f7335a203f664e747e6d2149a9','83e6e300cef74747bd52da9d6977b820',1),(11558,'Ivan M','1 (11) 543 535-019*','5086 Nottingham Place','1971-08-11','Nurse','M','b90c6bd99fd3866b4f466270bf5b456f4e106fa5531dacb20873598e5f81712e','a3b5da3dd6654bd19ffd909f475ed53c',1),(11559,'Frederick S','1 (11) 543 535-011*','Rotth?user Weg 636','1971-12-26','Nurse','M','e5abdb879e6a39e36517957e282a803588811013c2d5c4139c7a5af17ca3769c','e45f4d12bd7349248cd64e24a195986b',1);
/*!40000 ALTER TABLE `vroom_user` ENABLE KEYS */;
UNLOCK TABLES;
/*!40103 SET TIME_ZONE=@OLD_TIME_ZONE */;

/*!40101 SET SQL_MODE=@OLD_SQL_MODE */;
/*!40014 SET FOREIGN_KEY_CHECKS=@OLD_FOREIGN_KEY_CHECKS */;
/*!40014 SET UNIQUE_CHECKS=@OLD_UNIQUE_CHECKS */;
/*!40101 SET CHARACTER_SET_CLIENT=@OLD_CHARACTER_SET_CLIENT */;
/*!40101 SET CHARACTER_SET_RESULTS=@OLD_CHARACTER_SET_RESULTS */;
/*!40101 SET COLLATION_CONNECTION=@OLD_COLLATION_CONNECTION */;
/*!40111 SET SQL_NOTES=@OLD_SQL_NOTES */;

-- Dump completed on 2018-09-08 16:37:54
